target,cell_type,stimulus,inducibility_lfc,inducibility_se,ci_low,ci_high,tau2,q,i2,n_studies,total_pairs,min_q_value,positive_fraction_activated,positive_fraction_resting,adt_estimate,adt_n_studies,protein_concordance,relevant_stimulus,evidence_class,abstention_reasons
CD19,B_cell,lymphocyte_activation,0.067535024626514,0.026723462253787984,0.015157038609089561,0.11991301064393844,0.0,0.06264086227947539,0.0,3.0,15,0.563376228487125,0.8222222222222223,0.7944444444444444,-0.03362820959158306,3.0,DISCORDANT,True,INSUFFICIENT,['NO_EVIDENCE_CLASS_THRESHOLD_MET']
CD19,Endothelial,IFN_II,0.02039216869890174,0.06330796544800538,-0.10369144357918879,0.14447578097699226,0.004321745816771203,2.163094204010598,7.539856734311639,3.0,15,0.7519053019536832,0.2611111111111111,0.21666666666666665,0.26142338947203614,3.0,CONCORDANT,True,INSUFFICIENT,['NO_EVIDENCE_CLASS_THRESHOLD_MET']
CD19,Epithelial,IFN_II,5.0755236616163965e-12,9.999999999924188e-07,-1.9599949244614793e-06,1.9600050755088023e-06,0.0,1.700767578953415,0.0,3.0,15,0.7671125836924454,0.2722222222222222,0.22777777777777777,0.1323209008985853,3.0,CONCORDANT,True,INSUFFICIENT,['NO_EVIDENCE_CLASS_THRESHOLD_MET']
CD19,Fibroblast,tissue_damage,-0.3159358153626308,0.3518239436832495,-1.0055107449818,0.3736391142565382,0.2857279279871374,9.578277566586584,79.11941905946728,3.0,15,0.39489132380754566,0.18888888888888888,0.26666666666666666,0.652275715916526,3.0,DISCORDANT,True,INSUFFICIENT,['NO_EVIDENCE_CLASS_THRESHOLD_MET']
CD19,Myeloid,IFN_II,0.24218557605665778,0.22863863079974162,-0.20594614031083577,0.6903172924241513,0.0,1.213661041813645,0.0,3.0,15,0.7671125836924454,0.25555555555555554,0.2111111111111111,0.4123132542421269,3.0,CONCORDANT,True,INSUFFICIENT,['NO_EVIDENCE_CLASS_THRESHOLD_MET']
CD19,Plasma_cell,lymphocyte_activation,-0.0003595019948466164,0.06522590165688032,-0.12820226924233202,0.1274832652526388,0.004597875205948056,2.174361171353688,8.018960863118071,3.0,15,0.7461278688945034,0.24444444444444446,0.29444444444444445,-0.06872911570291855,3.0,CONCORDANT,True,INSUFFICIENT,['NO_EVIDENCE_CLASS_THRESHOLD_MET']
CD19,T_cell,lymphocyte_activation,-0.38887839873988894,0.43872477440996377,-1.248778956583418,0.47102215910364,0.1514610578214677,2.645783625624612,24.408028660021525,3.0,15,0.6991916042142506,0.24444444444444446,0.25,-0.11232574102279413,3.0,CONCORDANT,True,INSUFFICIENT,['NO_EVIDENCE_CLASS_THRESHOLD_MET']
CD274,B_cell,lymphocyte_activation,0.022518576352332512,0.9326178001865707,-1.805412312013346,1.8504494647180112,1.7280563200172425,7.104579637550039,71.84914376313917,3.0,15,0.6630553770376838,0.1388888888888889,0.20555555555555557,-2.6294486022702563,3.0,DISCORDANT,True,INSUFFICIENT,['NO_EVIDENCE_CLASS_THRESHOLD_MET']
CD274,Endothelial,IFN_II,3.043991203776924,0.5261921028938061,2.012654682105064,4.075327725448783,0.3738608800595318,3.5397799527677543,43.49931276275522,3.0,15,0.13492303781259263,0.47222222222222227,0.10555555555555556,2.0007054337750905,3.0,CONCORDANT,True,A,[]
CD274,Epithelial,IFN_II,2.3671436331829336,0.4176650796922603,1.5485200769861036,3.1857671893797637,0.0,0.3002231354425566,0.0,3.0,15,0.19392355812652673,0.5166666666666666,0.18888888888888888,2.3512364100288674,3.0,CONCORDANT,True,A,[]
CD274,Fibroblast,tissue_damage,0.6874433046475196,0.4045908002831279,-0.10555466390741108,1.4804412732024503,0.0,0.3824296411237612,0.0,3.0,15,0.7671125836924454,0.19444444444444442,0.12777777777777777,0.4481068287494569,3.0,DISCORDANT,True,C,[]
CD274,Myeloid,IFN_II,3.115556476984851,0.5025603697613366,2.1305381522526314,4.1005748017170705,0.2396636171735376,2.862687126018272,30.13557151172816,3.0,15,0.13948984140612142,0.49444444444444446,0.1111111111111111,5.042513634231331,3.0,CONCORDANT,True,A,[]
CD274,Plasma_cell,lymphocyte_activation,-0.2019107314309578,0.44747654913746676,-1.0789647677403926,0.675143304878477,0.0,0.3286405631392918,0.0,3.0,15,0.8856470866046319,0.1722222222222222,0.19444444444444442,0.24909703588153204,3.0,DISCORDANT,True,INSUFFICIENT,['NO_EVIDENCE_CLASS_THRESHOLD_MET']
CD274,T_cell,lymphocyte_activation,0.5039815886172159,0.36349531919763367,-0.20846923701014608,1.216432414244578,0.0,1.081719715186783,0.0,3.0,15,0.7671125836924454,0.2111111111111111,0.17222222222222225,0.4842538327948455,3.0,DISCORDANT,True,C,[]
CD38,B_cell,lymphocyte_activation,0.111753916474246,0.30368987370679607,-0.48347823599107426,0.7069860689395663,0.16570073758624002,5.015345068867175,60.12238494984068,3.0,15,0.6905487249105019,0.45555555555555555,0.4444444444444445,,,UNAVAILABLE,True,INSUFFICIENT,['NO_EVIDENCE_CLASS_THRESHOLD_MET']
CD38,Endothelial,IFN_II,-0.011194267637359992,0.1766293195203078,-0.3573877338971633,0.3349991986224433,0.0,0.5416465729542256,0.0,3.0,15,0.8775801561815058,0.43333333333333335,0.4611111111111111,,,UNAVAILABLE,True,INSUFFICIENT,['NO_EVIDENCE_CLASS_THRESHOLD_MET']
CD38,Epithelial,IFN_II,0.228422047900115,0.17721364177409957,-0.11891668997712013,0.5757607857773501,0.0,1.407878249037792,0.0,3.0,15,0.7671125836924454,0.5333333333333333,0.4611111111111111,,,UNAVAILABLE,True,INSUFFICIENT,['NO_EVIDENCE_CLASS_THRESHOLD_MET']
CD38,Fibroblast,tissue_damage,0.2860064991020173,0.16409302604748685,-0.03561583195105689,0.6076288301550915,0.0,0.1357967207806419,0.0,3.0,15,0.7671125836924454,0.4666666666666666,0.4888888888888889,,,UNAVAILABLE,True,INSUFFICIENT,['NO_EVIDENCE_CLASS_THRESHOLD_MET']
CD38,Myeloid,IFN_II,0.19304314691256919,0.2999216212008558,-0.3948032306411082,0.7808895244662466,0.1261508256388691,3.302787430378489,39.44508866649022,3.0,15,0.6905487249105019,0.4611111111111111,0.39999999999999997,,,UNAVAILABLE,True,INSUFFICIENT,['NO_EVIDENCE_CLASS_THRESHOLD_MET']
CD38,Plasma_cell,lymphocyte_activation,0.29789834413003685,0.12105414309240811,0.06063222366891696,0.5351644645911567,0.011202341341040561,2.1336226090440356,6.262710587975295,3.0,15,0.14674216227255482,0.43333333333333335,0.47222222222222215,,,UNAVAILABLE,True,INSUFFICIENT,['NO_EVIDENCE_CLASS_THRESHOLD_MET']
CD38,T_cell,lymphocyte_activation,1.9101863591116794,0.4135725894255614,1.0995840838375792,2.7207886343857797,0.3143359972721411,6.043067805159208,66.90422705016614,3.0,15,0.0565002023586325,0.6777777777777777,0.3833333333333333,,,UNAVAILABLE,True,B,[]
CD3E,B_cell,lymphocyte_activation,0.7614840679334635,0.5116840504285084,-0.24141667090641306,1.7643848067733399,0.0,1.5899193395058098,0.0,3.0,15,0.6905487249105019,0.08333333333333333,0.03888888888888889,0.23777814374663864,3.0,DISCORDANT,True,C,[]
CD3E,Endothelial,IFN_II,-0.17407157943814497,0.8102673401401383,-1.762195566112816,1.4140524072365261,1.2183736047385603,5.281979631003122,62.13540869675464,3.0,15,0.6905487249105019,0.09999999999999999,0.09999999999999999,0.06528100401825368,3.0,DISCORDANT,True,INSUFFICIENT,['NO_EVIDENCE_CLASS_THRESHOLD_MET']
CD3E,Epithelial,IFN_II,-0.3767753577041205,0.43238763145854303,-1.224255115362865,0.47070439995462376,0.0,0.9657596891711813,0.0,3.0,15,0.7671125836924454,0.08888888888888889,0.10555555555555556,1.7200059764052258,3.0,DISCORDANT,True,INSUFFICIENT,['NO_EVIDENCE_CLASS_THRESHOLD_MET']
CD3E,Fibroblast,tissue_damage,-1.0289933143456007,0.594063684952679,-2.1933581368528516,0.13537150816165022,0.21213736155559978,2.4938520630736325,19.80278102242231,3.0,15,0.5311873654821776,0.07222222222222223,0.10555555555555556,-0.27522159631751447,3.0,CONCORDANT,True,INSUFFICIENT,['NO_EVIDENCE_CLASS_THRESHOLD_MET']
CD3E,Myeloid,IFN_II,-0.10994700763453094,0.28618347066105154,-0.6708666101301919,0.45097259486113006,0.0,1.7870553854375366,0.0,3.0,15,0.7671125836924454,0.06111111111111111,0.07222222222222222,-1.2512766165824425,3.0,CONCORDANT,True,INSUFFICIENT,['NO_EVIDENCE_CLASS_THRESHOLD_MET']
CD3E,Plasma_cell,lymphocyte_activation,0.15093087347610393,0.560510653607976,-0.9476700075955291,1.249531754547737,0.6218656957387116,6.220974138898355,67.8506941944277,3.0,15,0.6113929048473484,0.07777777777777778,0.05555555555555556,0.07543256568230124,3.0,CONCORDANT,True,INSUFFICIENT,['NO_EVIDENCE_CLASS_THRESHOLD_MET']
CD3E,T_cell,lymphocyte_activation,4.0528682858386125,0.04128246632144386,3.9719546518485824,4.1337819198286425,0.0,0.49123731205309484,0.0,3.0,15,9.417083810321079e-05,1.0,0.9888888888888889,-0.04163088248502104,3.0,DISCORDANT,True,B,[]
CD4,B_cell,lymphocyte_activation,-0.13668083316224974,0.8853542261367416,-1.8719751163902634,1.5986134500657638,1.486219287549034,6.217355018291744,67.83198009256496,3.0,15,0.5928705194760968,0.1111111111111111,0.16666666666666666,,,UNAVAILABLE,True,INSUFFICIENT,['NO_EVIDENCE_CLASS_THRESHOLD_MET']
CD4,Endothelial,IFN_II,-0.13265816765474622,0.21317281260600526,-0.5504768803625165,0.28516054505302413,0.0,1.1749745317183804,0.0,3.0,15,0.7671125836924454,0.12777777777777777,0.11666666666666665,,,UNAVAILABLE,True,INSUFFICIENT,['NO_EVIDENCE_CLASS_THRESHOLD_MET']
CD4,Epithelial,IFN_II,-0.10889567842535458,0.3465796045120671,-0.788191703269006,0.570400346418297,0.0,1.2489815179683945,0.0,3.0,15,0.7671125836924454,0.1388888888888889,0.13888888888888887,,,UNAVAILABLE,True,INSUFFICIENT,['NO_EVIDENCE_CLASS_THRESHOLD_MET']
CD4,Fibroblast,tissue_damage,0.2379479470662281,0.5115146359564366,-0.7646207394083876,1.2405166335408437,0.0,1.48952079705149,0.0,3.0,15,0.7717769416941873,0.12777777777777777,0.11666666666666665,,,UNAVAILABLE,True,INSUFFICIENT,['NO_EVIDENCE_CLASS_THRESHOLD_MET']
CD4,Myeloid,IFN_II,0.11157245034368034,0.4681779330356767,-0.8060562984062459,1.0292011990936065,0.0,0.09726282520303786,0.0,3.0,15,0.9671073003543993,0.11666666666666665,0.09999999999999999,,,UNAVAILABLE,True,INSUFFICIENT,['NO_EVIDENCE_CLASS_THRESHOLD_MET']
CD4,Plasma_cell,lymphocyte_activation,-1.1834624084750447,0.5200478954219415,-2.20275628350205,-0.1641685334480394,0.0,0.0988356296536407,0.0,3.0,15,0.6905487249105019,0.09444444444444444,0.15,,,UNAVAILABLE,True,INSUFFICIENT,['NO_EVIDENCE_CLASS_THRESHOLD_MET']
CD4,T_cell,lymphocyte_activation,-0.00014025011059988715,0.03697434465334863,-0.0726099656311632,0.07232946540996343,0.0,0.7164617995203697,0.0,3.0,15,0.8559845160038109,0.9833333333333334,0.9833333333333334,,,UNAVAILABLE,True,INSUFFICIENT,['NO_EVIDENCE_CLASS_THRESHOLD_MET']
CD69,B_cell,lymphocyte_activation,-1.324057383367405,0.9158071512754332,-3.119039399867254,0.47092463313244415,1.4653433078587363,4.779799542912681,58.157241071635944,3.0,15,0.24730628603957763,0.03333333333333333,0.05555555555555556,0.10820546340485594,3.0,DISCORDANT,True,INSUFFICIENT,['NO_EVIDENCE_CLASS_THRESHOLD_MET']
CD69,Endothelial,IFN_II,-0.839596214807808,0.5562184475759556,-1.929784372056681,0.250591942441065,0.0,1.1819971057266363,0.0,3.0,15,0.6905487249105019,0.03888888888888889,0.07222222222222223,0.580708242650062,3.0,DISCORDANT,True,INSUFFICIENT,['NO_EVIDENCE_CLASS_THRESHOLD_MET']
CD69,Epithelial,IFN_II,-0.3538864716883506,0.7235967404586302,-1.7721360829872657,1.0643631396105646,0.4691059707115437,2.7177437150595796,26.40954373594586,3.0,15,0.7671125836924454,0.03333333333333333,0.027777777777777776,0.8189910170467639,3.0,DISCORDANT,True,INSUFFICIENT,['NO_EVIDENCE_CLASS_THRESHOLD_MET']
CD69,Fibroblast,tissue_damage,-1.4077263021468687,1.4265246814884414,-4.203714677864214,1.3882620735704765,5.165038240152833,15.803188389899653,87.34432602677656,3.0,15,0.26206566521318886,0.022222222222222223,0.07222222222222223,0.009818145451274633,3.0,DISCORDANT,True,INSUFFICIENT,['NO_EVIDENCE_CLASS_THRESHOLD_MET']
CD69,Myeloid,IFN_II,-0.7844704514192451,0.992665848622006,-2.7300955147183767,1.1611546118798868,2.7162163892383537,32.343260478337214,93.8163315311406,3.0,15,0.13546456984514557,0.016666666666666666,0.044444444444444446,1.3825956243118447,3.0,DISCORDANT,True,INSUFFICIENT,['EXCESSIVE_HETEROGENEITY']
CD69,Plasma_cell,lymphocyte_activation,0.589994863411064,0.6921560706593424,-0.766631035081247,1.9466207619033749,0.8484261791373481,4.889370378556081,59.09493768826252,3.0,15,0.6905487249105019,0.03888888888888889,0.022222222222222223,1.3327423004439616,3.0,CONCORDANT,True,INSUFFICIENT,['NO_EVIDENCE_CLASS_THRESHOLD_MET']
CD69,T_cell,lymphocyte_activation,2.2705501550975304,0.9158368779190141,0.4755098743762627,4.065590435818798,1.9756987012529965,9.526931052128615,79.00688071471728,3.0,15,0.14674216227255482,0.13333333333333333,0.022222222222222223,3.972384903152252,3.0,CONCORDANT,True,C,[]
CD70,B_cell,lymphocyte_activation,-0.27482256058597077,0.2025847484206256,-0.671888667490397,0.12224354631845541,0.0,1.7068967287487364,0.0,3.0,15,0.6905487249105019,0.07777777777777778,0.10555555555555556,,,UNAVAILABLE,True,INSUFFICIENT,['NO_EVIDENCE_CLASS_THRESHOLD_MET']
CD70,Endothelial,IFN_II,0.10375055265673921,0.1823821515315375,-0.2537184643450743,0.4612195696585527,0.0,1.6002106254044977,0.0,3.0,15,0.7671125836924454,0.09444444444444444,0.11666666666666668,,,UNAVAILABLE,True,INSUFFICIENT,['NO_EVIDENCE_CLASS_THRESHOLD_MET']
CD70,Epithelial,IFN_II,-0.8573655432758823,0.7044075593085923,-2.238004359520723,0.5232732729689585,0.0,1.311535334215403,0.0,3.0,15,0.6905487249105019,0.08333333333333333,0.11666666666666665,,,UNAVAILABLE,True,INSUFFICIENT,['NO_EVIDENCE_CLASS_THRESHOLD_MET']
CD70,Fibroblast,tissue_damage,0.6736781674587147,0.3192791764144682,0.04789098168635708,1.2994653532310723,0.0,1.2760165123490061,0.0,3.0,15,0.6905487249105019,0.11666666666666665,0.07222222222222222,,,UNAVAILABLE,True,C,[]
CD70,Myeloid,IFN_II,-0.08820864571065438,0.9781708755825219,-2.0054235618523975,1.8290062704310885,1.504271820413317,4.201482318951335,52.39775278884934,3.0,15,0.6905487249105019,0.11666666666666668,0.09444444444444444,,,UNAVAILABLE,True,INSUFFICIENT,['NO_EVIDENCE_CLASS_THRESHOLD_MET']
CD70,Plasma_cell,lymphocyte_activation,-0.04191464355493376,0.6779968881863461,-1.3707885444001722,1.2869592572903046,0.0,0.13618465776267002,0.0,3.0,15,0.9685651049648667,0.09999999999999999,0.13333333333333333,,,UNAVAILABLE,True,INSUFFICIENT,['NO_EVIDENCE_CLASS_THRESHOLD_MET']
CD70,T_cell,lymphocyte_activation,2.7970075030935693,1.3060249552897083,0.237198590725741,5.356816415461397,4.643967201646363,65.36081053265917,96.94006242624447,3.0,15,0.020691867527031706,0.25555555555555554,0.08888888888888889,,,UNAVAILABLE,True,INSUFFICIENT,['EXCESSIVE_HETEROGENEITY']
CD79A,B_cell,lymphocyte_activation,-0.005352265655783302,0.029545875084653284,-0.06326218082170373,0.05255764951013713,0.0,0.5696916744824329,0.0,3.0,15,0.8798589077985951,1.0,0.9944444444444445,,,UNAVAILABLE,True,INSUFFICIENT,['NO_EVIDENCE_CLASS_THRESHOLD_MET']
CD79A,Endothelial,IFN_II,1.131079083057027,0.5321896501273954,0.08798736880733204,2.174170797306722,0.0,1.0621513151046584,0.0,3.0,15,0.6905487249105019,0.17777777777777778,0.1111111111111111,,,UNAVAILABLE,True,B,[]
CD79A,Epithelial,IFN_II,-0.3214110390344172,0.39810092674639536,-1.101688855457352,0.4588667773885177,0.0,0.5475238010666179,0.0,3.0,15,0.8190136584261549,0.14444444444444446,0.15555555555555556,,,UNAVAILABLE,True,INSUFFICIENT,['NO_EVIDENCE_CLASS_THRESHOLD_MET']
CD79A,Fibroblast,tissue_damage,-0.5126669361447636,0.4891164237785824,-1.471335126750785,0.44600125446125793,0.42384433299176605,4.908378852873875,59.25334901911673,3.0,15,0.5885548121939046,0.10555555555555556,0.19444444444444442,,,UNAVAILABLE,True,INSUFFICIENT,['NO_EVIDENCE_CLASS_THRESHOLD_MET']
CD79A,Myeloid,IFN_II,0.6998311979859188,0.49235286089711644,-0.2651804093724295,1.664842805344267,0.0,1.437475271704425,0.0,3.0,15,0.6905487249105019,0.15,0.15555555555555556,,,UNAVAILABLE,True,C,[]
CD79A,Plasma_cell,lymphocyte_activation,-0.780833629482024,0.5159623552044,-1.792119845682648,0.23045258671860003,0.0,0.16884930405166243,0.0,3.0,15,0.7671125836924454,0.14444444444444446,0.1722222222222222,,,UNAVAILABLE,True,INSUFFICIENT,['NO_EVIDENCE_CLASS_THRESHOLD_MET']
CD79A,T_cell,lymphocyte_activation,0.8965139043868063,0.5579636100870158,-0.19709477138374465,1.9901225801573572,0.0,0.2412181996813061,0.0,3.0,15,0.7634378857588,0.16111111111111112,0.11666666666666665,,,UNAVAILABLE,True,B,[]
CD8A,B_cell,lymphocyte_activation,0.21662879367817073,0.4109693346033786,-0.5888711021444513,1.0221286895007928,0.3032046393363091,5.599300889678673,64.28125511728351,3.0,15,0.6905487249105019,0.3055555555555556,0.2722222222222222,,,UNAVAILABLE,True,INSUFFICIENT,['NO_EVIDENCE_CLASS_THRESHOLD_MET']
CD8A,Endothelial,IFN_II,0.06474521586729137,0.3390827935946918,-0.5998570595783046,0.7293474913128872,0.0,0.3670446627857568,0.0,3.0,15,0.9140276878922168,0.33888888888888885,0.3055555555555556,,,UNAVAILABLE,True,INSUFFICIENT,['NO_EVIDENCE_CLASS_THRESHOLD_MET']
CD8A,Epithelial,IFN_II,0.5892183110242313,0.36669325666834657,-0.129500472045728,1.3079370940941906,0.18173724573708194,3.7149792850651733,46.16389900098963,3.0,15,0.5729952801599199,0.37777777777777777,0.3166666666666667,,,UNAVAILABLE,True,C,[]
CD8A,Fibroblast,tissue_damage,0.21628642673492116,0.2943049623736391,-0.3605512995174115,0.7931241529872538,0.12349219764076141,4.081603668868028,50.99965204228978,3.0,15,0.6905487249105019,0.3444444444444445,0.3111111111111111,,,UNAVAILABLE,True,INSUFFICIENT,['NO_EVIDENCE_CLASS_THRESHOLD_MET']
CD8A,Myeloid,IFN_II,-0.1631179636723437,0.36018276589749887,-0.8690761848314414,0.5428402574867541,0.211362614139512,4.407521851380131,54.623027010660465,3.0,15,0.676987516487276,0.3166666666666667,0.2888888888888889,,,UNAVAILABLE,True,INSUFFICIENT,['NO_EVIDENCE_CLASS_THRESHOLD_MET']
CD8A,Plasma_cell,lymphocyte_activation,0.1618788261137305,0.48403818142994676,-0.7868360094889651,1.1105936617164263,0.3792569098106465,4.4727655065525935,55.28493507942673,3.0,15,0.6905487249105019,0.2833333333333333,0.25,,,UNAVAILABLE,True,INSUFFICIENT,['NO_EVIDENCE_CLASS_THRESHOLD_MET']
CD8A,T_cell,lymphocyte_activation,-0.003633358737868135,0.01574191000183585,-0.0344875023414664,0.027220784865730128,0.0,0.970982057884582,0.0,3.0,15,0.8456078075910749,0.9944444444444445,0.9888888888888889,,,UNAVAILABLE,True,INSUFFICIENT,['NO_EVIDENCE_CLASS_THRESHOLD_MET']
CLDN18,B_cell,lymphocyte_activation,-0.27474850912545834,0.34225542318973623,-0.9455691385773414,0.3960721203264247,0.17041230529894247,3.182776227378817,37.16177773367672,3.0,15,0.6905487249105019,0.03888888888888889,0.049999999999999996,,,UNAVAILABLE,True,INSUFFICIENT,['NO_EVIDENCE_CLASS_THRESHOLD_MET']
CLDN18,Endothelial,IFN_II,-0.7674731505684712,0.6202140362764731,-1.9830926616703586,0.44814636053341605,0.7813458646034132,6.269551548230858,68.09979175361657,3.0,15,0.6905487249105019,0.022222222222222223,0.05555555555555555,,,UNAVAILABLE,True,INSUFFICIENT,['NO_EVIDENCE_CLASS_THRESHOLD_MET']
CLDN18,Epithelial,IFN_II,0.0324238830555823,0.06164374635264529,-0.08839785979560245,0.15324562590676705,0.0,0.25951641628592614,0.0,3.0,15,0.8570487754258312,0.8444444444444444,0.8277777777777778,,,UNAVAILABLE,True,INSUFFICIENT,['NO_EVIDENCE_CLASS_THRESHOLD_MET']
CLDN18,Fibroblast,tissue_damage,-0.5853594083825562,0.5094854704061627,-1.583950930378635,0.41323211361352263,0.0,0.4947221266098877,0.0,3.0,15,0.7671125836924454,0.044444444444444446,0.05555555555555555,,,UNAVAILABLE,True,INSUFFICIENT,['NO_EVIDENCE_CLASS_THRESHOLD_MET']
CLDN18,Myeloid,IFN_II,0.6639810355173832,0.4396304552415094,-0.1976946567559752,1.5256567277907416,0.0,3.726047186547793e-05,0.0,3.0,15,0.7671125836924454,0.049999999999999996,0.016666666666666666,,,UNAVAILABLE,True,INSUFFICIENT,['NO_EVIDENCE_CLASS_THRESHOLD_MET']
CLDN18,Plasma_cell,lymphocyte_activation,-0.034668910102262245,0.5561892467854843,-1.1247998338018115,1.0554620135972872,0.16286569351595612,2.3933817708190785,16.436231595615975,3.0,15,0.7671125836924454,0.05555555555555555,0.03333333333333333,,,UNAVAILABLE,True,INSUFFICIENT,['NO_EVIDENCE_CLASS_THRESHOLD_MET']
CLDN18,T_cell,lymphocyte_activation,3.333259172268116e-13,9.999999999993276e-07,-1.959999666672765e-06,1.9600003333245997e-06,0.0,0.1767853460899576,0.0,3.0,15,0.9533854141612845,0.06111111111111111,0.07222222222222223,,,UNAVAILABLE,True,INSUFFICIENT,['NO_EVIDENCE_CLASS_THRESHOLD_MET']
CLDN6,B_cell,lymphocyte_activation,-0.6955021761257275,0.5092450272159332,-1.6936224294689566,0.30261807721750156,0.0,1.0611405728188674,0.0,3.0,15,0.6905487249105019,0.10555555555555556,0.15,,,UNAVAILABLE,True,INSUFFICIENT,['NO_EVIDENCE_CLASS_THRESHOLD_MET']
CLDN6,Endothelial,IFN_II,-0.018293723548606734,0.7810966584769125,-1.549243174163355,1.5126557270661416,0.8465783932865619,3.6610279019215524,45.370533806905264,3.0,15,0.6905487249105019,0.08888888888888889,0.16111111111111112,,,UNAVAILABLE,True,INSUFFICIENT,['NO_EVIDENCE_CLASS_THRESHOLD_MET']
CLDN6,Epithelial,IFN_II,0.030538064762340007,0.03160184209305569,-0.03140154574004915,0.09247767526472916,0.0,0.3947812852807186,0.0,3.0,15,0.7671125836924454,0.9222222222222222,0.9444444444444445,,,UNAVAILABLE,True,INSUFFICIENT,['NO_EVIDENCE_CLASS_THRESHOLD_MET']
CLDN6,Fibroblast,tissue_damage,2.958131025951161e-12,9.999999999973022e-07,-1.9599970418636865e-06,1.960002958125738e-06,0.0,1.9209411882651102,0.0,3.0,15,0.7634378857588,0.11666666666666665,0.07222222222222223,,,UNAVAILABLE,True,INSUFFICIENT,['NO_EVIDENCE_CLASS_THRESHOLD_MET']
CLDN6,Myeloid,IFN_II,1.4234337488912074,0.6139413009156521,0.22010879909652936,2.6267586986858857,0.0,0.023842845758845203,0.0,3.0,15,0.6905487249105019,0.12777777777777777,0.06111111111111111,,,UNAVAILABLE,True,B,[]
CLDN6,Plasma_cell,lymphocyte_activation,-0.4862890415915427,0.6325459309889189,-1.7260790663298236,0.7535009831467383,0.8203066141066291,6.500182973936925,69.23163535520182,3.0,15,0.5311873654821776,0.09999999999999999,0.13888888888888887,,,UNAVAILABLE,True,INSUFFICIENT,['NO_EVIDENCE_CLASS_THRESHOLD_MET']
CLDN6,T_cell,lymphocyte_activation,-0.6935185491756397,0.48254840293019846,-1.6393134189188285,0.25227632056754923,0.0,1.4622587299764978,0.0,3.0,15,0.6905487249105019,0.08888888888888889,0.12222222222222222,,,UNAVAILABLE,True,INSUFFICIENT,['NO_EVIDENCE_CLASS_THRESHOLD_MET']
CTLA4,B_cell,lymphocyte_activation,0.5270113836636815,0.5676459774592569,-0.585574732156462,1.6395974994838252,0.0,0.5905069774735379,0.0,3.0,15,0.7785953516284062,0.16666666666666666,0.14444444444444446,,,UNAVAILABLE,True,C,[]
CTLA4,Endothelial,IFN_II,-1.0193796483267485,0.5917967042664265,-2.179301188688944,0.1405418920354473,0.0,1.594604059902954,0.0,3.0,15,0.6905487249105019,0.12777777777777777,0.1722222222222222,,,UNAVAILABLE,True,INSUFFICIENT,['NO_EVIDENCE_CLASS_THRESHOLD_MET']
CTLA4,Epithelial,IFN_II,-0.27626381156194574,0.43081860227672675,-1.1206682720243302,0.5681406489004386,0.13621256804244772,2.487387128031128,19.594341489453452,3.0,15,0.6905487249105019,0.14444444444444446,0.17222222222222225,,,UNAVAILABLE,True,INSUFFICIENT,['NO_EVIDENCE_CLASS_THRESHOLD_MET']
CTLA4,Fibroblast,tissue_damage,-0.8271935902614598,0.6367786683454804,-2.075279780218601,0.4208925996956816,0.7316449865428514,5.129305525127814,61.0083667232873,3.0,15,0.442912800411613,0.13888888888888887,0.1722222222222222,,,UNAVAILABLE,True,INSUFFICIENT,['NO_EVIDENCE_CLASS_THRESHOLD_MET']
CTLA4,Myeloid,IFN_II,-0.3638099964744925,0.352383933250872,-1.0544825056462015,0.32686251269721656,0.0,1.3215633793607147,0.0,3.0,15,0.7461278688945034,0.1388888888888889,0.15555555555555553,,,UNAVAILABLE,True,INSUFFICIENT,['NO_EVIDENCE_CLASS_THRESHOLD_MET']
CTLA4,Plasma_cell,lymphocyte_activation,0.4457395255887263,0.27968782749218907,-0.10244861629596425,0.9939276674734169,0.0,0.8674238003591551,0.0,3.0,15,0.7638384959089277,0.17777777777777778,0.12777777777777777,,,UNAVAILABLE,True,INSUFFICIENT,['NO_EVIDENCE_CLASS_THRESHOLD_MET']
CTLA4,T_cell,lymphocyte_activation,1.3396124098117415,0.35962490956336224,0.6347475870675515,2.0444772325559315,0.0,0.30211538213718514,0.0,3.0,15,0.41855974463440376,0.35555555555555557,0.19999999999999998,,,UNAVAILABLE,True,B,[]
DLL3,B_cell,lymphocyte_activation,-0.394435245930226,0.34591633658342485,-1.0724312656337387,0.28356077377328676,0.0,0.5576202633402996,0.0,3.0,15,0.7671125836924454,0.1722222222222222,0.16666666666666666,,,UNAVAILABLE,True,INSUFFICIENT,['NO_EVIDENCE_CLASS_THRESHOLD_MET']
DLL3,Endothelial,IFN_II,0.04715521212402218,0.6100777427196571,-1.1485971636065058,1.2429075878545501,0.0,1.5051417304332602,0.0,3.0,15,0.7671125836924454,0.16666666666666666,0.15555555555555556,,,UNAVAILABLE,True,INSUFFICIENT,['NO_EVIDENCE_CLASS_THRESHOLD_MET']
DLL3,Epithelial,IFN_II,-0.04531565694793846,0.05036422511904663,-0.14402953818126984,0.05339822428539294,0.005611848582587676,7.910610520432643,74.71750132516173,3.0,15,0.41587353021288936,1.0,1.0,,,UNAVAILABLE,True,INSUFFICIENT,['NO_EVIDENCE_CLASS_THRESHOLD_MET']
DLL3,Fibroblast,tissue_damage,0.27029576114709125,0.32359071653512567,-0.363942043261755,0.9045335655559374,0.0,0.628406387676959,0.0,3.0,15,0.7676826665068712,0.19999999999999998,0.1611111111111111,,,UNAVAILABLE,True,INSUFFICIENT,['NO_EVIDENCE_CLASS_THRESHOLD_MET']
DLL3,Myeloid,IFN_II,-0.08924254777205508,0.31471417169996324,-0.706082324303983,0.5275972287598728,0.0,0.8686258703167762,0.0,3.0,15,0.7716358808906062,0.18333333333333332,0.2222222222222222,,,UNAVAILABLE,True,INSUFFICIENT,['NO_EVIDENCE_CLASS_THRESHOLD_MET']
DLL3,Plasma_cell,lymphocyte_activation,-0.009171548972426238,0.16893733204949893,-0.34028871978944414,0.3219456218445917,0.0,0.9767341068967698,0.0,3.0,15,0.7716358808906062,0.1722222222222222,0.19444444444444445,,,UNAVAILABLE,True,INSUFFICIENT,['NO_EVIDENCE_CLASS_THRESHOLD_MET']
DLL3,T_cell,lymphocyte_activation,-0.39586173481345993,0.4380726061098673,-1.2544840427887998,0.46276057316187996,0.17268138890670817,2.7286853062363274,26.704629682687823,3.0,15,0.7671125836924454,0.12777777777777777,0.18333333333333335,,,UNAVAILABLE,True,INSUFFICIENT,['NO_EVIDENCE_CLASS_THRESHOLD_MET']
ENTPD1,B_cell,lymphocyte_activation,0.5167618378108512,1.135856748194854,-1.7095173886510628,2.743041064272765,2.849460189315945,7.7118607895423406,74.06592190159738,3.0,15,0.442912800411613,0.15,0.12777777777777777,,,UNAVAILABLE,True,C,[]
ENTPD1,Endothelial,IFN_II,0.4699131002253755,0.5740568814958806,-0.6552383875065504,1.5950645879573015,0.32044270967487537,2.8651641670817947,30.195971910502255,3.0,15,0.6905487249105019,0.1388888888888889,0.1111111111111111,,,UNAVAILABLE,True,INSUFFICIENT,['NO_EVIDENCE_CLASS_THRESHOLD_MET']
ENTPD1,Epithelial,IFN_II,0.07131852753636726,0.21235844550329944,-0.34490402565009964,0.48754108072283414,0.0,0.28701649855808115,0.0,3.0,15,0.9140276878922168,0.14444444444444446,0.12222222222222223,,,UNAVAILABLE,True,INSUFFICIENT,['NO_EVIDENCE_CLASS_THRESHOLD_MET']
ENTPD1,Fibroblast,tissue_damage,-1.1417030624891085,0.5172464594137438,-2.1555061229400465,-0.12790000203817065,0.0,0.8327501947560366,0.0,3.0,15,0.563376228487125,0.1111111111111111,0.15555555555555556,,,UNAVAILABLE,True,INSUFFICIENT,['NO_EVIDENCE_CLASS_THRESHOLD_MET']
ENTPD1,Myeloid,IFN_II,-0.5219508553242688,0.5793736105251669,-1.657523131953596,0.6136214213050583,0.2329345605522578,2.4935368574469767,19.792643368114778,3.0,15,0.6471500924602346,0.11666666666666665,0.13333333333333333,,,UNAVAILABLE,True,INSUFFICIENT,['NO_EVIDENCE_CLASS_THRESHOLD_MET']
ENTPD1,Plasma_cell,lymphocyte_activation,0.28405477321723654,0.24164584833991204,-0.18957108952899104,0.7576806359634641,0.013252660855653239,2.1318603623028873,6.185225103601465,3.0,15,0.6905487249105019,0.16666666666666666,0.16666666666666666,,,UNAVAILABLE,True,INSUFFICIENT,['NO_EVIDENCE_CLASS_THRESHOLD_MET']
ENTPD1,T_cell,lymphocyte_activation,1.8855514778818072,0.3446650007683145,1.2100080763759107,2.5610948793877037,0.16185903735136803,3.2843436463149125,39.105032378568765,3.0,15,0.02121786802917234,0.3444444444444444,0.12222222222222223,,,UNAVAILABLE,True,B,[]
ERBB2,B_cell,lymphocyte_activation,-0.2102176978580681,0.6890703390306733,-1.5607955623581877,1.1403601666420515,0.6325313424098336,3.5987969435012,44.42587255133548,3.0,15,0.6905487249105019,0.022222222222222223,0.03333333333333333,-0.10043593681323826,3.0,CONCORDANT,True,INSUFFICIENT,['NO_EVIDENCE_CLASS_THRESHOLD_MET']
ERBB2,Endothelial,IFN_II,0.09539228615540091,0.25683619872867947,-0.4080066633528108,0.5987912356636127,0.07488564613424484,2.2920649895006253,12.742439278052837,3.0,15,0.7124794057816302,0.03888888888888889,0.03333333333333333,0.15211456621413813,3.0,CONCORDANT,True,INSUFFICIENT,['NO_EVIDENCE_CLASS_THRESHOLD_MET']
ERBB2,Epithelial,IFN_II,0.11451961671310723,0.05493738134269914,0.006842349281416915,0.22219688414479755,0.0,1.3915402360058542,0.0,3.0,15,0.6905487249105019,0.7888888888888889,0.75,0.0916494473927391,3.0,CONCORDANT,True,INSUFFICIENT,['NO_EVIDENCE_CLASS_THRESHOLD_MET']
ERBB2,Fibroblast,tissue_damage,-1.3161503189302436e-12,9.999999999984874e-07,-1.960001316147354e-06,1.9599986838467164e-06,0.0,0.8983361187631738,0.0,3.0,15,0.7744774262020796,0.03333333333333333,0.03888888888888889,-0.20011911566710924,3.0,CONCORDANT,True,INSUFFICIENT,['NO_EVIDENCE_CLASS_THRESHOLD_MET']
ERBB2,Myeloid,IFN_II,-0.1203277304304538,0.2420235597449607,-0.5946939075305768,0.35403844666966916,0.06830073610773156,2.367950205799122,15.538764493358443,3.0,15,0.7671125836924454,0.03333333333333333,0.049999999999999996,-0.9043843035840659,3.0,CONCORDANT,True,INSUFFICIENT,['NO_EVIDENCE_CLASS_THRESHOLD_MET']
ERBB2,Plasma_cell,lymphocyte_activation,-0.12420201295121501,0.3313347951831458,-0.7736182115101807,0.5252141856077507,0.11710266042201492,2.7227597122790974,26.5451155685754,3.0,15,0.7671125836924454,0.03333333333333333,0.03888888888888889,0.4143712573707499,3.0,DISCORDANT,True,INSUFFICIENT,['NO_EVIDENCE_CLASS_THRESHOLD_MET']
ERBB2,T_cell,lymphocyte_activation,-0.36976175580372644,0.3835094972638843,-1.1214403704409397,0.38191685883348675,0.2395465522454406,3.846543662255259,48.00526977958742,3.0,15,0.6905487249105019,0.016666666666666666,0.03333333333333333,2.048783784111702,3.0,DISCORDANT,True,INSUFFICIENT,['NO_EVIDENCE_CLASS_THRESHOLD_MET']
FAP,B_cell,lymphocyte_activation,-0.7002709963826967,0.47946648784501916,-1.6400253125589344,0.23948331979354076,0.0,1.963669983741102,0.0,3.0,15,0.6905487249105019,0.027777777777777776,0.03333333333333333,,,UNAVAILABLE,True,INSUFFICIENT,['NO_EVIDENCE_CLASS_THRESHOLD_MET']
FAP,Endothelial,IFN_II,0.8211060025258882,0.5668965291922166,-0.29001119469085623,1.9322231997426327,0.0,1.1304908839779477,0.0,3.0,15,0.6905487249105019,0.03888888888888889,0.022222222222222223,,,UNAVAILABLE,True,INSUFFICIENT,['NO_EVIDENCE_CLASS_THRESHOLD_MET']
FAP,Epithelial,IFN_II,0.6387919341051113,0.5067407325719648,-0.35441990173593985,1.6320037699461625,0.0,0.531868581234243,0.0,3.0,15,0.7645160281923955,0.049999999999999996,0.03333333333333333,,,UNAVAILABLE,True,INSUFFICIENT,['NO_EVIDENCE_CLASS_THRESHOLD_MET']
FAP,Fibroblast,tissue_damage,0.9570999145220029,0.5122410371338764,-0.046892518260394755,1.9610923473044006,0.0,1.0509440424234286,0.0,3.0,15,0.6905487249105019,0.07222222222222223,0.03888888888888889,,,UNAVAILABLE,True,C,[]
FAP,Myeloid,IFN_II,2.257059313853051e-12,9.999999999985147e-07,-1.9599977429377747e-06,1.9600022570564026e-06,0.0,1.725618850840567,0.0,3.0,15,0.7671125836924454,0.03888888888888889,0.022222222222222223,,,UNAVAILABLE,True,INSUFFICIENT,['NO_EVIDENCE_CLASS_THRESHOLD_MET']
FAP,Plasma_cell,lymphocyte_activation,0.9554142513274859,0.6678091850244702,-0.3534917513204756,2.2643202539754475,0.0,1.9328095261529477,0.0,3.0,15,0.6905487249105019,0.049999999999999996,0.03333333333333333,,,UNAVAILABLE,True,INSUFFICIENT,['NO_EVIDENCE_CLASS_THRESHOLD_MET']
FAP,T_cell,lymphocyte_activation,-0.2428386473628467,0.7730504023188934,-1.758017435907878,1.2723401411821844,1.1080156286863962,5.291139466699398,62.20095855368568,3.0,15,0.6905487249105019,0.03888888888888889,0.03333333333333333,,,UNAVAILABLE,True,INSUFFICIENT,['NO_EVIDENCE_CLASS_THRESHOLD_MET']
FOLR1,B_cell,lymphocyte_activation,0.0022811732438282766,0.43385046189863535,-0.848065732077497,0.8526280785651535,6.536411371174952e-05,2.0002185426044297,0.010925936330192345,3.0,15,0.7671125836924454,0.011111111111111112,0.011111111111111112,,,UNAVAILABLE,True,INSUFFICIENT,['NO_EVIDENCE_CLASS_THRESHOLD_MET']
FOLR1,Endothelial,IFN_II,-7.475068541355503e-13,7.071067811861524e-07,-1.385930038631713e-06,1.3859285436180046e-06,0.0,0.9999999999988824,0.0,3.0,15,0.7671125836924454,0.0,0.005555555555555556,,,UNAVAILABLE,True,INSUFFICIENT,['NO_EVIDENCE_CLASS_THRESHOLD_MET']
FOLR1,Epithelial,IFN_II,-0.12087475686016673,0.09565666360371018,-0.30836181752343866,0.06661230380310522,0.0,0.30570090240330317,0.0,3.0,15,0.7671125836924454,0.5111111111111111,0.5499999999999999,,,UNAVAILABLE,True,INSUFFICIENT,['NO_EVIDENCE_CLASS_THRESHOLD_MET']
FOLR1,Fibroblast,tissue_damage,0.0,5.773502691896258e-07,-1.1316065276116666e-06,1.1316065276116666e-06,0.0,0.0,0.0,3.0,15,1.0,0.0,0.0,,,UNAVAILABLE,True,INSUFFICIENT,['TARGET_UNDETECTED']
FOLR1,Myeloid,IFN_II,-0.06966211847871995,0.38175511272286344,-0.8179021394155322,0.6785779024580924,0.23055950612804252,3.665702369468026,45.44019676397667,3.0,15,0.6905487249105019,0.005555555555555556,0.011111111111111112,,,UNAVAILABLE,True,INSUFFICIENT,['NO_EVIDENCE_CLASS_THRESHOLD_MET']
FOLR1,Plasma_cell,lymphocyte_activation,-0.0816263296183733,0.6267068368576201,-1.3099717298593085,1.146719070622562,0.6543013989318036,4.50483864549239,55.60329331659347,3.0,15,0.6905487249105019,0.011111111111111112,0.011111111111111112,,,UNAVAILABLE,True,INSUFFICIENT,['NO_EVIDENCE_CLASS_THRESHOLD_MET']
FOLR1,T_cell,lymphocyte_activation,0.013557682466589595,0.013039457960135533,-0.011999655135276049,0.03911502006845524,0.0,1.918934919953224,0.0,3.0,15,0.7671125836924454,0.016666666666666666,0.005555555555555556,,,UNAVAILABLE,True,INSUFFICIENT,['NO_EVIDENCE_CLASS_THRESHOLD_MET']
GPRC5D,B_cell,lymphocyte_activation,0.3399475641634685,0.49738566147725594,-0.6349283323319531,1.3148234606588902,0.4874533249101788,5.838249720313922,65.74315769602845,3.0,15,0.5557999919151371,0.26666666666666666,0.2333333333333333,,,UNAVAILABLE,True,INSUFFICIENT,['NO_EVIDENCE_CLASS_THRESHOLD_MET']
GPRC5D,Endothelial,IFN_II,-2.452351463734311e-12,9.999999999877368e-07,-1.9600024523274277e-06,1.9599975476245004e-06,0.0,1.5760068567998977,0.0,3.0,15,0.7671125836924454,0.25,0.2555555555555556,,,UNAVAILABLE,True,INSUFFICIENT,['NO_EVIDENCE_CLASS_THRESHOLD_MET']
GPRC5D,Epithelial,IFN_II,-0.04952012590070535,0.13757437033069936,-0.3191658917488761,0.2201256399474654,0.0,0.5547683378641758,0.0,3.0,15,0.8798589077985951,0.2722222222222222,0.2555555555555556,,,UNAVAILABLE,True,INSUFFICIENT,['NO_EVIDENCE_CLASS_THRESHOLD_MET']
GPRC5D,Fibroblast,tissue_damage,-0.15464559074803563,0.17751556145316338,-0.5025760911962358,0.1932849097001646,0.0,1.4053607382261208,0.0,3.0,15,0.7671125836924454,0.3055555555555555,0.3166666666666667,,,UNAVAILABLE,True,INSUFFICIENT,['NO_EVIDENCE_CLASS_THRESHOLD_MET']
GPRC5D,Myeloid,IFN_II,0.14097158623383296,0.6404712209816601,-1.1143520068902208,1.3962951793578868,0.7872374509491734,5.604383173479682,64.31364633553012,3.0,15,0.6905487249105019,0.25,0.22777777777777777,,,UNAVAILABLE,True,INSUFFICIENT,['NO_EVIDENCE_CLASS_THRESHOLD_MET']
GPRC5D,Plasma_cell,lymphocyte_activation,-0.019094017980125708,0.025499958180111325,-0.0690739360131439,0.03088590005289249,0.0003924525829085973,2.212687245240277,9.612169351895053,3.0,15,0.7671125836924454,0.9444444444444445,0.9500000000000001,,,UNAVAILABLE,True,INSUFFICIENT,['NO_EVIDENCE_CLASS_THRESHOLD_MET']
GPRC5D,T_cell,lymphocyte_activation,0.06358837653755196,0.16710132299613942,-0.2639302165348813,0.3911069696099852,0.04785849132271903,5.827358990993433,65.67913521217534,3.0,15,0.5341146588002864,0.2888888888888889,0.25,,,UNAVAILABLE,True,INSUFFICIENT,['NO_EVIDENCE_CLASS_THRESHOLD_MET']
HAVCR2,B_cell,lymphocyte_activation,-0.07617580046088157,0.1697937731402048,-0.408971595815683,0.25661999489391984,0.04037596829515541,3.9812192944963103,49.76413374754748,3.0,15,0.6905487249105019,0.3611111111111111,0.4166666666666667,,,UNAVAILABLE,True,INSUFFICIENT,['NO_EVIDENCE_CLASS_THRESHOLD_MET']
HAVCR2,Endothelial,IFN_II,-0.7889233797908024,0.9056265418090789,-2.563951401736597,0.9861046421549922,1.5238212130969262,5.648155639828037,64.5902109018212,3.0,15,0.563376228487125,0.3611111111111111,0.39999999999999997,,,UNAVAILABLE,True,INSUFFICIENT,['NO_EVIDENCE_CLASS_THRESHOLD_MET']
HAVCR2,Epithelial,IFN_II,-0.28646456486231103,0.1649900422186401,-0.6098450476108457,0.03691591788622356,0.0,1.4656279506160865,0.0,3.0,15,0.7634378857588,0.3833333333333333,0.39444444444444443,,,UNAVAILABLE,True,INSUFFICIENT,['NO_EVIDENCE_CLASS_THRESHOLD_MET']
HAVCR2,Fibroblast,tissue_damage,-0.025009598457747466,0.18417570642397535,-0.38599398304873916,0.3359747861332442,0.0,1.1148882141390768,0.0,3.0,15,0.7785953516284062,0.38888888888888884,0.41111111111111115,,,UNAVAILABLE,True,INSUFFICIENT,['NO_EVIDENCE_CLASS_THRESHOLD_MET']
HAVCR2,Myeloid,IFN_II,0.01771212014779564,0.5054335790283071,-0.9729376947476862,1.0083619350432775,0.3749515826664758,3.354886266405212,40.38546045428192,3.0,15,0.694707072658553,0.42777777777777776,0.39999999999999997,,,UNAVAILABLE,True,INSUFFICIENT,['NO_EVIDENCE_CLASS_THRESHOLD_MET']
HAVCR2,Plasma_cell,lymphocyte_activation,-0.18654624706396059,0.26781338894834117,-0.7114604894027093,0.3383679952747881,0.0513232082640479,2.5463825961212567,21.45720745003232,3.0,15,0.7671125836924454,0.37777777777777777,0.41111111111111115,,,UNAVAILABLE,True,INSUFFICIENT,['NO_EVIDENCE_CLASS_THRESHOLD_MET']
HAVCR2,T_cell,lymphocyte_activation,1.6695534294104322,0.3419957690923205,0.999241721989484,2.3398651368313805,0.14806397943660116,2.7595373853876826,27.524083906584817,3.0,15,0.014475104561233326,0.5166666666666667,0.37777777777777777,,,UNAVAILABLE,True,B,[]
HLA-DRA,B_cell,lymphocyte_activation,-0.3895034633089852,0.6826614741452219,-1.72751995263362,0.9485130260156497,0.0,0.6584186332825419,0.0,3.0,15,0.8775801561815058,0.07777777777777778,0.08333333333333333,,,UNAVAILABLE,True,INSUFFICIENT,['NO_EVIDENCE_CLASS_THRESHOLD_MET']
HLA-DRA,Endothelial,IFN_II,2.678959865616043,1.1574073048676767,0.4104415480753967,4.94747818315669,3.5206912044338594,49.25678525749832,95.93964569643623,3.0,15,0.014475104561233326,0.25,0.08333333333333333,,,UNAVAILABLE,True,INSUFFICIENT,['EXCESSIVE_HETEROGENEITY']
HLA-DRA,Epithelial,IFN_II,1.3228201900086936,0.3324095647940246,0.6712974430124053,1.9743429370049816,0.0,0.7111220586191688,0.0,3.0,15,0.28780388192789985,0.2111111111111111,0.1111111111111111,,,UNAVAILABLE,True,B,[]
HLA-DRA,Fibroblast,tissue_damage,0.03396899913444708,0.7437236436339871,-1.4237293423881676,1.491667340657062,0.0,0.1355310576714154,0.0,3.0,15,0.9756640103731359,0.05555555555555555,0.05555555555555555,,,UNAVAILABLE,True,INSUFFICIENT,['NO_EVIDENCE_CLASS_THRESHOLD_MET']
HLA-DRA,Myeloid,IFN_II,1.925317043353997,0.20506923576647854,1.523381341251699,2.327252745456295,0.0,0.7469363565894538,0.0,3.0,15,0.04395310615055971,0.25555555555555554,0.05555555555555556,,,UNAVAILABLE,True,B,[]
HLA-DRA,Plasma_cell,lymphocyte_activation,0.3022607177147678,0.7485796293453355,-1.1649553558020898,1.7694767912316254,0.41018272138101197,2.6296852808840905,23.945271529693947,3.0,15,0.7671125836924454,0.09444444444444444,0.09444444444444444,,,UNAVAILABLE,True,INSUFFICIENT,['NO_EVIDENCE_CLASS_THRESHOLD_MET']
HLA-DRA,T_cell,lymphocyte_activation,0.12022493843633145,0.755661091209459,-1.3608708003342083,1.601320677206871,1.124579483196467,6.944315866940024,71.19946675350053,3.0,15,0.4011210531446663,0.07222222222222223,0.08888888888888889,,,UNAVAILABLE,True,INSUFFICIENT,['NO_EVIDENCE_CLASS_THRESHOLD_MET']
ICAM1,B_cell,lymphocyte_activation,1.1321030870468396,0.7465883741334912,-0.33121012625480306,2.5954163003484823,0.8092351119283403,3.8552813148750245,48.12311121672755,3.0,15,0.3879524805003773,0.1111111111111111,0.07777777777777778,-0.6159631877232263,3.0,DISCORDANT,True,B,[]
ICAM1,Endothelial,IFN_II,2.0071393421786086,0.5600301284906499,0.9094802903369348,3.1047983940202823,0.0,0.2955209127065986,0.0,3.0,15,0.5311873654821776,0.22777777777777777,0.1111111111111111,0.42266433939624853,3.0,DISCORDANT,True,B,[]
ICAM1,Epithelial,IFN_II,2.0690960603339987,0.6658526463486871,0.7640248734905719,3.3741672471774256,0.242900785064766,2.39893326768889,16.629610880056646,3.0,15,0.3205665210818337,0.2555555555555556,0.08333333333333333,-0.4019949696244595,3.0,DISCORDANT,True,B,[]
ICAM1,Fibroblast,tissue_damage,0.09803910602585378,0.7437592110636608,-1.3597289476589214,1.555807159710629,0.0,0.5443724585708785,0.0,3.0,15,0.8775801561815058,0.09444444444444444,0.09999999999999999,0.1599113544816116,3.0,CONCORDANT,True,INSUFFICIENT,['NO_EVIDENCE_CLASS_THRESHOLD_MET']
ICAM1,Myeloid,IFN_II,1.964868882717194,0.3527795538300571,1.2734209572102821,2.6563168082241058,0.0,1.4968842844790569,0.0,3.0,15,0.1393210867269363,0.2722222222222222,0.12222222222222222,0.7275055565423287,3.0,CONCORDANT,True,A,[]
ICAM1,Plasma_cell,lymphocyte_activation,0.10812324752277946,0.39880806196525853,-0.6735405539291273,0.8897870489746862,0.0,1.5163436964620405,0.0,3.0,15,0.7671125836924454,0.10555555555555556,0.07777777777777777,1.5733324624323162,3.0,CONCORDANT,True,INSUFFICIENT,['NO_EVIDENCE_CLASS_THRESHOLD_MET']
ICAM1,T_cell,lymphocyte_activation,0.6801847560481264,0.6416299319473173,-0.5774099105686155,1.9377794226648684,0.0,0.9111812003930074,0.0,3.0,15,0.7671125836924454,0.10555555555555556,0.061111111111111116,0.38291517504068545,3.0,DISCORDANT,True,C,[]
ICOS,B_cell,lymphocyte_activation,0.14899050942345626,0.1895533364938451,-0.22253403010448009,0.5205150489513926,0.0,1.2800562954539216,0.0,3.0,15,0.7713949807408845,0.2111111111111111,0.2388888888888889,,,UNAVAILABLE,True,INSUFFICIENT,['NO_EVIDENCE_CLASS_THRESHOLD_MET']
ICOS,Endothelial,IFN_II,-0.43956255541158973,0.32712977255197906,-1.0807369096134687,0.20161179879028923,0.0,0.10038841535926821,0.0,3.0,15,0.7671125836924454,0.25,0.25555555555555554,,,UNAVAILABLE,True,INSUFFICIENT,['NO_EVIDENCE_CLASS_THRESHOLD_MET']
ICOS,Epithelial,IFN_II,0.1988990404894711,0.38714072180876824,-0.5598967742557146,0.9576948552346569,0.0,0.7512171809449915,0.0,3.0,15,0.7717769416941873,0.2611111111111111,0.25,,,UNAVAILABLE,True,INSUFFICIENT,['NO_EVIDENCE_CLASS_THRESHOLD_MET']
ICOS,Fibroblast,tissue_damage,-0.6196908688083591,0.459772427917097,-1.5208448275258692,0.28146308990915103,0.28541013640419927,3.065468202491041,34.75711154417544,3.0,15,0.1393210867269363,0.19444444444444442,0.2722222222222222,,,UNAVAILABLE,True,INSUFFICIENT,['NO_EVIDENCE_CLASS_THRESHOLD_MET']
ICOS,Myeloid,IFN_II,-0.18699423141821733,0.2917771149975554,-0.7588773768134259,0.3848889139769912,0.10399508502536971,2.7307052759371873,26.75884806669247,3.0,15,0.6905487249105019,0.2611111111111111,0.26666666666666666,,,UNAVAILABLE,True,INSUFFICIENT,['NO_EVIDENCE_CLASS_THRESHOLD_MET']
ICOS,Plasma_cell,lymphocyte_activation,-0.21979137535127727,0.3614986431184696,-0.9283287158634776,0.48874596516092317,0.07770753701661452,2.439557143569605,18.017907255348682,3.0,15,0.6905487249105019,0.2611111111111111,0.29444444444444445,,,UNAVAILABLE,True,INSUFFICIENT,['NO_EVIDENCE_CLASS_THRESHOLD_MET']
ICOS,T_cell,lymphocyte_activation,0.8548816511931414,0.1892179245694284,0.4840145190370618,1.225748783349221,0.02884307562870984,2.6264997076461993,23.853027884311174,3.0,15,0.19392355812652673,0.47222222222222215,0.31666666666666665,,,UNAVAILABLE,True,B,[]
IDO1,B_cell,lymphocyte_activation,0.17580673047170214,0.16409604470015365,-0.145821517140599,0.4974349780840033,0.0,0.16217641257410506,0.0,3.0,15,0.8001841843873508,0.15555555555555556,0.16666666666666666,,,UNAVAILABLE,True,INSUFFICIENT,['NO_EVIDENCE_CLASS_THRESHOLD_MET']
IDO1,Endothelial,IFN_II,2.120812506451207,0.2544862852509583,1.622019387359329,2.6196056255430853,0.0,1.048964616733445,0.0,3.0,15,0.060758147345643734,0.48333333333333334,0.19444444444444442,,,UNAVAILABLE,True,B,[]
IDO1,Epithelial,IFN_II,1.6609317883218,0.23551291083330733,1.1993264830885177,2.1225370935550822,0.0,0.2690352528919475,0.0,3.0,15,0.1393210867269363,0.45555555555555555,0.2111111111111111,,,UNAVAILABLE,True,B,[]
IDO1,Fibroblast,tissue_damage,0.2173208305179482,0.50326448898007,-0.7690775678829891,1.2037192289188854,0.29912204865111713,3.120302897148752,35.90365852534554,3.0,15,0.6905487249105019,0.20555555555555557,0.20000000000000004,,,UNAVAILABLE,True,INSUFFICIENT,['NO_EVIDENCE_CLASS_THRESHOLD_MET']
IDO1,Myeloid,IFN_II,2.2431683538982314,0.4064287206304633,1.4465680614625234,3.0397686463339397,0.0,0.12311849334421643,0.0,3.0,15,0.19392355812652673,0.47222222222222227,0.2111111111111111,,,UNAVAILABLE,True,B,[]
IDO1,Plasma_cell,lymphocyte_activation,0.5328215924796799,0.3178983805622674,-0.0902592334223642,1.155902418381724,0.0,1.5975538168611572,0.0,3.0,15,0.6991916042142506,0.2333333333333333,0.19999999999999998,,,UNAVAILABLE,True,C,[]
IDO1,T_cell,lymphocyte_activation,0.1318953895166451,0.3808925413539246,-0.614653991537047,0.8784447705703373,0.0,0.304994563075402,0.0,3.0,15,0.9140276878922168,0.21666666666666665,0.18333333333333332,,,UNAVAILABLE,True,INSUFFICIENT,['NO_EVIDENCE_CLASS_THRESHOLD_MET']
IL2RA,B_cell,lymphocyte_activation,0.48304506343898024,0.887893417238285,-1.2572260343480584,2.223316161226019,1.1991791700437409,3.9371183244811347,49.20142512446394,3.0,15,0.6905487249105019,0.19444444444444445,0.1722222222222222,0.31407860227769907,3.0,CONCORDANT,True,INSUFFICIENT,['NO_EVIDENCE_CLASS_THRESHOLD_MET']
IL2RA,Endothelial,IFN_II,0.17132528201987102,0.3872487685911043,-0.5876823044186934,0.9303328684584353,0.0,1.1409261207965868,0.0,3.0,15,0.8244466094931446,0.22777777777777777,0.25,-0.21582987757742675,3.0,DISCORDANT,True,INSUFFICIENT,['NO_EVIDENCE_CLASS_THRESHOLD_MET']
IL2RA,Epithelial,IFN_II,-0.2533945296997413,0.3977354017471378,-1.0329559171241314,0.5261668577246488,0.0,1.7320603968173078,0.0,3.0,15,0.7671125836924454,0.2111111111111111,0.25555555555555554,0.5527826272724006,3.0,DISCORDANT,True,INSUFFICIENT,['NO_EVIDENCE_CLASS_THRESHOLD_MET']
IL2RA,Fibroblast,tissue_damage,0.3561369222954567,0.8519223566708165,-1.3136308967793437,2.0259047413702573,1.2586622004037364,4.742960874110738,57.8322475541192,3.0,15,0.5928705194760968,0.18888888888888888,0.18888888888888888,-0.4336936765104323,3.0,DISCORDANT,True,INSUFFICIENT,['NO_EVIDENCE_CLASS_THRESHOLD_MET']
IL2RA,Myeloid,IFN_II,0.538685848135577,0.578364982172749,-0.594909516923011,1.672281213194165,0.0,0.40328857096275617,0.0,3.0,15,0.7671125836924454,0.25555555555555554,0.18888888888888888,1.275962072393653,3.0,CONCORDANT,True,C,[]
IL2RA,Plasma_cell,lymphocyte_activation,0.2210025435670694,0.28626953825084805,-0.34008575140459274,0.7820908385387315,0.0033086169260815278,2.0233288632079645,1.1529941391226344,3.0,15,0.7066546857974362,0.2388888888888889,0.2111111111111111,0.2997737178142533,3.0,CONCORDANT,True,INSUFFICIENT,['NO_EVIDENCE_CLASS_THRESHOLD_MET']
IL2RA,T_cell,lymphocyte_activation,2.3228988602135723,0.3598678137290841,1.6175579453045674,3.028239775122577,0.0,0.9592666831470156,0.0,3.0,15,0.1393210867269363,0.6833333333333332,0.22777777777777777,3.3265104890768975,3.0,CONCORDANT,True,A,[]
LAG3,B_cell,lymphocyte_activation,0.5029082349109916,0.41318010067892436,-0.3069247624197001,1.3127412322416832,0.28272159548473536,4.14272846138714,51.72263838575783,3.0,15,0.6668482995190506,0.35555555555555557,0.32222222222222224,,,UNAVAILABLE,True,C,[]
LAG3,Endothelial,IFN_II,-0.2190537319928404,0.19791353521160623,-0.6069642610075886,0.1688567970219078,0.0,0.46980399629323233,0.0,3.0,15,0.7785953516284062,0.33888888888888885,0.37777777777777777,,,UNAVAILABLE,True,INSUFFICIENT,['NO_EVIDENCE_CLASS_THRESHOLD_MET']
LAG3,Epithelial,IFN_II,-0.09703628560556947,0.6017539678644866,-1.2764740626199633,1.0824014914088242,0.6769141214862133,5.215381884116082,61.65189732143717,3.0,15,0.6905487249105019,0.3333333333333333,0.3611111111111111,,,UNAVAILABLE,True,INSUFFICIENT,['NO_EVIDENCE_CLASS_THRESHOLD_MET']
LAG3,Fibroblast,tissue_damage,-0.411682843267345,0.20765119285272707,-0.81867918125869,-0.004686505275999953,0.0,0.7818061463450672,0.0,3.0,15,0.6905487249105019,0.32222222222222224,0.3666666666666667,,,UNAVAILABLE,True,INSUFFICIENT,['NO_EVIDENCE_CLASS_THRESHOLD_MET']
LAG3,Myeloid,IFN_II,0.11604731483183517,0.4389211181466309,-0.7442380767355613,0.9763327063992316,0.3414883443351829,4.6473168208058375,56.96441458335515,3.0,15,0.6905487249105019,0.35555555555555557,0.3444444444444444,,,UNAVAILABLE,True,INSUFFICIENT,['NO_EVIDENCE_CLASS_THRESHOLD_MET']
LAG3,Plasma_cell,lymphocyte_activation,-0.012856054008614616,0.32460264965567276,-0.6490772473337333,0.623365139316504,0.13357552011518092,2.997934342106518,33.287398195829496,3.0,15,0.764724614017676,0.33888888888888885,0.3277777777777778,,,UNAVAILABLE,True,INSUFFICIENT,['NO_EVIDENCE_CLASS_THRESHOLD_MET']
LAG3,T_cell,lymphocyte_activation,2.368461210578839,0.824135662158774,0.7531553127476422,3.983767108410036,1.5351723550397751,8.834296296926045,77.36095855539831,3.0,15,0.04657156769691602,0.45,0.33888888888888885,,,UNAVAILABLE,True,C,[]
MICA,B_cell,lymphocyte_activation,1.2623966023779989e-12,9.999999999930498e-07,-1.959998737589775e-06,1.96000126238298e-06,0.0,0.16010435232752554,0.0,3.0,15,0.9658401410606637,0.36111111111111116,0.3444444444444444,,,UNAVAILABLE,True,INSUFFICIENT,['NO_EVIDENCE_CLASS_THRESHOLD_MET']
MICA,Endothelial,IFN_II,0.6529057649702917,0.47121428211809163,-0.2706742279811678,1.5764857579217513,0.4616959688128124,6.7879580656430445,70.53605840432466,3.0,15,0.02176466606769985,0.4666666666666666,0.39999999999999997,,,UNAVAILABLE,True,C,[]
MICA,Epithelial,IFN_II,0.7201042018217344,0.6221278100216271,-0.4992663058206547,1.9394747094641236,1.0751231874351703,44.11590351404673,95.4664875006738,3.0,15,0.09282348211776766,0.4444444444444444,0.3611111111111111,,,UNAVAILABLE,True,INSUFFICIENT,['EXCESSIVE_HETEROGENEITY']
MICA,Fibroblast,tissue_damage,2.271817203025803e-12,9.999999999803662e-07,-1.9599977281443146e-06,1.9600022717787203e-06,0.0,0.9252885761721282,0.0,3.0,15,0.8054697756665098,0.3444444444444444,0.37777777777777777,,,UNAVAILABLE,True,INSUFFICIENT,['NO_EVIDENCE_CLASS_THRESHOLD_MET']
MICA,Myeloid,IFN_II,1.1512916293754945,0.7924712673080452,-0.401952054548274,2.704535313299263,1.56296446420852,60.674510205929515,96.70372287602818,3.0,15,0.060758147345643734,0.5333333333333333,0.33888888888888885,,,UNAVAILABLE,True,INSUFFICIENT,['EXCESSIVE_HETEROGENEITY']
MICA,Plasma_cell,lymphocyte_activation,3.2952283308042897e-12,9.999999999519732e-07,-1.9599967046775368e-06,1.960003295134198e-06,0.0,1.0642926248231257,0.0,3.0,15,0.7744774262020796,0.33888888888888885,0.3444444444444444,,,UNAVAILABLE,True,INSUFFICIENT,['NO_EVIDENCE_CLASS_THRESHOLD_MET']
MICA,T_cell,lymphocyte_activation,-9.137035197483387e-14,9.999999999851885e-07,-1.9600000913413215e-06,1.9599999086006175e-06,0.0,0.031464378135905885,0.0,3.0,15,1.0,0.3444444444444444,0.3444444444444444,,,UNAVAILABLE,True,INSUFFICIENT,['NO_EVIDENCE_CLASS_THRESHOLD_MET']
MICB,B_cell,lymphocyte_activation,0.236012693586504,0.17777501578434435,-0.11242633735081092,0.584451724523819,0.0,0.3012393276303925,0.0,3.0,15,0.7671125836924454,0.20555555555555557,0.16666666666666666,,,UNAVAILABLE,True,INSUFFICIENT,['NO_EVIDENCE_CLASS_THRESHOLD_MET']
MICB,Endothelial,IFN_II,1.096987448268905,0.23885921917714392,0.628823378681703,1.565151517856107,0.0,0.48442211093638254,0.0,3.0,15,0.33920228115125584,0.4444444444444444,0.2388888888888889,,,UNAVAILABLE,True,B,[]
MICB,Epithelial,IFN_II,1.4269977461458982,0.22553568986237546,0.9849477940156424,1.8690476982761541,0.0,1.6219629373235498,0.0,3.0,15,0.17770393368147958,0.45,0.17777777777777778,,,UNAVAILABLE,True,B,[]
MICB,Fibroblast,tissue_damage,0.08159208409526524,0.4244134490487273,-0.7502582760402403,0.9134424442307707,0.0,0.2321804900385859,0.0,3.0,15,0.9653157777990483,0.21666666666666667,0.2111111111111111,,,UNAVAILABLE,True,INSUFFICIENT,['NO_EVIDENCE_CLASS_THRESHOLD_MET']
MICB,Myeloid,IFN_II,1.4515762602698428,0.3175655019255139,0.8291478764958355,2.0740046440438498,0.07992212904903777,2.6067715123769677,23.276743262538073,3.0,15,0.21420108197010837,0.36111111111111116,0.1611111111111111,,,UNAVAILABLE,True,B,[]
MICB,Plasma_cell,lymphocyte_activation,0.21083642923516424,0.28556508492597227,-0.3488711372197414,0.7705439956900698,0.0,1.6409208853084063,0.0,3.0,15,0.7671125836924454,0.22777777777777777,0.2222222222222222,,,UNAVAILABLE,True,INSUFFICIENT,['NO_EVIDENCE_CLASS_THRESHOLD_MET']
MICB,T_cell,lymphocyte_activation,0.2261139179174135,0.2257019389767387,-0.21626188247699438,0.6684897183118214,0.0,0.16283627002668769,0.0,3.0,15,0.8001841843873508,0.17777777777777778,0.17777777777777778,,,UNAVAILABLE,True,INSUFFICIENT,['NO_EVIDENCE_CLASS_THRESHOLD_MET']
MS4A1,B_cell,lymphocyte_activation,-0.013067791339159083,0.0409410013167943,-0.0933121539200759,0.06717657124175773,0.0026454408331165217,5.38311713775235,62.846805135006335,3.0,15,0.5606102164628864,0.6833333333333332,0.7111111111111111,0.012217783974208524,3.0,DISCORDANT,True,INSUFFICIENT,['NO_EVIDENCE_CLASS_THRESHOLD_MET']
MS4A1,Endothelial,IFN_II,0.006892760651002833,0.23260860251152038,-0.4490201002715771,0.46280562157358274,0.06835181113234232,2.6329885009453147,24.040686114582517,3.0,15,0.7565891754782217,0.14444444444444446,0.12777777777777777,-0.8591484658142023,3.0,DISCORDANT,True,INSUFFICIENT,['NO_EVIDENCE_CLASS_THRESHOLD_MET']
MS4A1,Epithelial,IFN_II,-2.0859260772901492e-12,9.999999999960318e-07,-1.9600020859183e-06,1.959997914066145e-06,0.0,0.5686704181261094,0.0,3.0,15,0.8693258055793032,0.16666666666666666,0.18333333333333335,-0.12382170045150426,3.0,CONCORDANT,True,INSUFFICIENT,['NO_EVIDENCE_CLASS_THRESHOLD_MET']
MS4A1,Fibroblast,tissue_damage,0.282553015432004,0.26579695548683013,-0.23840901732218306,0.803515048186191,0.13672722347618832,5.591459643805317,64.23116453651299,3.0,15,0.563376228487125,0.20000000000000004,0.16666666666666666,0.42693509025905974,3.0,CONCORDANT,True,INSUFFICIENT,['NO_EVIDENCE_CLASS_THRESHOLD_MET']
MS4A1,Myeloid,IFN_II,0.016486701020655928,0.15466109082660814,-0.28664903699949607,0.3196224390408079,0.027857564106239668,2.364970816072544,15.432360246992094,3.0,15,0.7519053019536832,0.17777777777777778,0.16111111111111112,-0.32335086553373393,3.0,DISCORDANT,True,INSUFFICIENT,['NO_EVIDENCE_CLASS_THRESHOLD_MET']
MS4A1,Plasma_cell,lymphocyte_activation,-0.35214998777985507,0.15295850914218684,-0.6519486656985413,-0.05235130986116887,0.0,0.6553109704996005,0.0,3.0,15,0.577557722527206,0.15555555555555556,0.19444444444444445,0.39148994002023313,3.0,DISCORDANT,True,INSUFFICIENT,['NO_EVIDENCE_CLASS_THRESHOLD_MET']
MS4A1,T_cell,lymphocyte_activation,1.1523105404360108e-12,9.999999999960303e-07,-1.959998847681679e-06,1.96000115230276e-06,0.0,1.5732964621646153,0.0,3.0,15,0.7671125836924454,0.1611111111111111,0.13333333333333333,0.037527701631190076,3.0,CONCORDANT,True,INSUFFICIENT,['NO_EVIDENCE_CLASS_THRESHOLD_MET']
PDCD1,B_cell,lymphocyte_activation,0.16930080728939928,0.18575366113581163,-0.19477636853679148,0.53337798311559,0.0,0.6194366825558141,0.0,3.0,15,0.7671125836924454,0.4666666666666666,0.45555555555555555,,,UNAVAILABLE,True,INSUFFICIENT,['NO_EVIDENCE_CLASS_THRESHOLD_MET']
PDCD1,Endothelial,IFN_II,0.33019488860145924,0.23736698380922133,-0.13504439966461457,0.795434176867533,0.10700324435347135,5.531629199244087,63.84428659330047,3.0,15,0.35456601371254337,0.4055555555555555,0.4166666666666667,,,UNAVAILABLE,True,INSUFFICIENT,['NO_EVIDENCE_CLASS_THRESHOLD_MET']
PDCD1,Epithelial,IFN_II,0.3365072796277096,0.11620756602767476,0.10874045021346707,0.5642741090419521,0.0,1.9579096064619754,0.0,3.0,15,0.442912800411613,0.5111111111111112,0.45,,,UNAVAILABLE,True,INSUFFICIENT,['NO_EVIDENCE_CLASS_THRESHOLD_MET']
PDCD1,Fibroblast,tissue_damage,0.29489948149128553,0.13539174045474528,0.02953167019998476,0.5602672927825862,0.0,1.757110391333071,0.0,3.0,15,0.5311873654821776,0.4388888888888889,0.4611111111111111,,,UNAVAILABLE,True,INSUFFICIENT,['NO_EVIDENCE_CLASS_THRESHOLD_MET']
PDCD1,Myeloid,IFN_II,0.20526633757017054,0.19918687226253734,-0.18513993206440266,0.5956726072047438,0.0,0.21983509111410798,0.0,3.0,15,0.7802889001158341,0.47222222222222215,0.4166666666666667,,,UNAVAILABLE,True,INSUFFICIENT,['NO_EVIDENCE_CLASS_THRESHOLD_MET']
PDCD1,Plasma_cell,lymphocyte_activation,-0.1658274760745605,0.2809373061966589,-0.7164645962200119,0.3848096440708909,0.0,1.1538430254539653,0.0,3.0,15,0.7713949807408845,0.42777777777777776,0.48888888888888893,,,UNAVAILABLE,True,INSUFFICIENT,['NO_EVIDENCE_CLASS_THRESHOLD_MET']
PDCD1,T_cell,lymphocyte_activation,1.2389493591388452,0.19204520522777516,0.862540756892406,1.6153579613852844,0.007750422900816186,2.1258579897438503,5.920338533949544,3.0,15,0.17770393368147958,0.7388888888888889,0.47222222222222227,,,UNAVAILABLE,True,B,[]
PDCD1LG2,B_cell,lymphocyte_activation,0.06236897504156965,0.2967277309558199,-0.5192173776318373,0.6439553277149767,0.042092426490890615,2.2120183944429037,9.584838669314072,3.0,15,0.7671125836924454,0.15,0.13333333333333333,0.1155548398074051,3.0,CONCORDANT,True,INSUFFICIENT,['NO_EVIDENCE_CLASS_THRESHOLD_MET']
PDCD1LG2,Endothelial,IFN_II,1.4558718496972538,1.2662964541724715,-1.02606920048079,3.937812899875298,3.8117869001799822,9.762043371779543,79.51248602539843,3.0,15,0.5043672421539337,0.31666666666666665,0.10555555555555556,1.9551510970092296,3.0,CONCORDANT,True,C,[]
PDCD1LG2,Epithelial,IFN_II,1.8941259690286878,0.1935154862604716,1.5148356159581635,2.2734163220992123,0.0,1.515442072384084,0.0,3.0,15,0.04359560970092681,0.3444444444444444,0.13888888888888887,2.0187063836995147,3.0,CONCORDANT,True,A,[]
PDCD1LG2,Fibroblast,tissue_damage,0.2011605983527473,1.0805604469833496,-1.916737877734618,2.3190590744401125,2.441426929050435,6.716670450942149,70.22334183867159,3.0,15,0.5311873654821776,0.11666666666666665,0.14444444444444443,0.8932660776430643,3.0,CONCORDANT,True,INSUFFICIENT,['NO_EVIDENCE_CLASS_THRESHOLD_MET']
PDCD1LG2,Myeloid,IFN_II,2.2892040580213417,0.5537776022865836,1.2037999575396379,3.3746081585030456,0.48680440738857234,3.832575975412475,47.815776834410876,3.0,15,0.025459413250484002,0.35555555555555557,0.12222222222222222,2.7123551150532768,3.0,CONCORDANT,True,A,[]
PDCD1LG2,Plasma_cell,lymphocyte_activation,-0.6334782479533982,0.8125169291740014,-2.226011429134441,0.9590549332276446,0.0,1.683784949095901,0.0,3.0,15,0.7671125836924454,0.14444444444444446,0.16666666666666666,-0.9255397724677873,3.0,CONCORDANT,True,INSUFFICIENT,['NO_EVIDENCE_CLASS_THRESHOLD_MET']
PDCD1LG2,T_cell,lymphocyte_activation,0.2217085523298852,0.3079330735981567,-0.3818402719225019,0.8252573765822723,0.0832255985425902,2.3436588088788284,14.663346370081474,3.0,15,0.6905487249105019,0.15,0.16111111111111112,-1.3279593903373899,3.0,DISCORDANT,True,INSUFFICIENT,['NO_EVIDENCE_CLASS_THRESHOLD_MET']
SIGLEC1,B_cell,lymphocyte_activation,-0.46575340097797385,0.3608505298720346,-1.1730204395271617,0.24151363757121397,0.2493400884783723,9.643669583612754,79.26100658406475,3.0,15,0.475311703184111,0.3666666666666667,0.4055555555555556,,,UNAVAILABLE,True,INSUFFICIENT,['NO_EVIDENCE_CLASS_THRESHOLD_MET']
SIGLEC1,Endothelial,IFN_II,1.1035362976761462,0.49021810107147024,0.14270881957606463,2.064363775776228,0.3887364819154334,3.973490841593801,49.666424820604774,3.0,15,0.02121786802917234,0.5111111111111111,0.37222222222222223,,,UNAVAILABLE,True,B,[]
SIGLEC1,Epithelial,IFN_II,1.0685913137185217,0.20568747435706103,0.665443863978682,1.4717387634583612,0.009226209382427696,2.0750887845454953,3.618581773692248,3.0,15,0.13492303781259263,0.5166666666666667,0.42777777777777776,,,UNAVAILABLE,True,B,[]
SIGLEC1,Fibroblast,tissue_damage,0.08078828143787019,0.14847844601997445,-0.21022947276127973,0.37180603563702014,0.0,0.8418232554558465,0.0,3.0,15,0.7744774262020796,0.4222222222222223,0.35555555555555557,,,UNAVAILABLE,True,INSUFFICIENT,['NO_EVIDENCE_CLASS_THRESHOLD_MET']
SIGLEC1,Myeloid,IFN_II,1.534003275053629,0.11159094970640952,1.3152850136290664,1.7527215364781916,0.0,0.5268040015441242,0.0,3.0,15,0.020691867527031706,0.5611111111111111,0.3666666666666667,,,UNAVAILABLE,True,B,[]
SIGLEC1,Plasma_cell,lymphocyte_activation,0.09333440572753093,0.22559160520241908,-0.3488251404692105,0.5354939519242723,0.0,0.20532020403457016,0.0,3.0,15,0.9135530368373583,0.38333333333333336,0.3666666666666667,,,UNAVAILABLE,True,INSUFFICIENT,['NO_EVIDENCE_CLASS_THRESHOLD_MET']
SIGLEC1,T_cell,lymphocyte_activation,0.07298634400393418,0.2845083947029581,-0.4846501096138636,0.630622797621732,0.0,0.2208890975477373,0.0,3.0,15,0.9533854141612845,0.3888888888888889,0.38333333333333336,,,UNAVAILABLE,True,INSUFFICIENT,['NO_EVIDENCE_CLASS_THRESHOLD_MET']
TIGIT,B_cell,lymphocyte_activation,0.6764322290124208,1.1899557715819662,-1.6558810832882331,3.0087455413130746,3.1444213646179975,8.310506407710438,75.93407787828174,3.0,15,0.442912800411613,0.06111111111111111,0.03333333333333333,,,UNAVAILABLE,True,C,[]
TIGIT,Endothelial,IFN_II,-0.5674358170827992,0.4255759939725571,-1.401564765269011,0.26669313110341264,0.0,0.18823891665193868,0.0,3.0,15,0.7671125836924454,0.07222222222222223,0.09444444444444444,,,UNAVAILABLE,True,INSUFFICIENT,['NO_EVIDENCE_CLASS_THRESHOLD_MET']
TIGIT,Epithelial,IFN_II,0.556951057826703,0.2858261505505173,-0.003268197252310978,1.117170312905717,0.0,0.026965213984961524,0.0,3.0,15,0.6905487249105019,0.061111111111111116,0.03888888888888889,,,UNAVAILABLE,True,C,[]
TIGIT,Fibroblast,tissue_damage,0.3656202219178292,0.3973365137403288,-0.4131593450132152,1.1443997888488737,0.0,0.9017320416481753,0.0,3.0,15,0.7671125836924454,0.07777777777777778,0.061111111111111116,,,UNAVAILABLE,True,INSUFFICIENT,['NO_EVIDENCE_CLASS_THRESHOLD_MET']
TIGIT,Myeloid,IFN_II,0.13327326435907097,0.5332961325073844,-0.9119871553554025,1.1785336840735445,0.07293635134561711,2.162379504724586,7.509297251930244,3.0,15,0.7671125836924454,0.07222222222222223,0.08888888888888889,,,UNAVAILABLE,True,INSUFFICIENT,['NO_EVIDENCE_CLASS_THRESHOLD_MET']
TIGIT,Plasma_cell,lymphocyte_activation,0.5823584831050078,0.5529986837748185,-0.5015189370936365,1.6662359033036522,0.0,0.21825241748166355,0.0,3.0,15,0.7671125836924454,0.061111111111111116,0.049999999999999996,,,UNAVAILABLE,True,C,[]
TIGIT,T_cell,lymphocyte_activation,2.0218429295710583,0.5642725958180761,0.9158686417676292,3.1278172173744876,0.0,0.3103266503788117,0.0,3.0,15,0.5341146588002864,0.17777777777777778,0.05000000000000001,,,UNAVAILABLE,True,B,[]
TNFRSF12A,B_cell,lymphocyte_activation,-0.46364853464048705,0.5442038943814295,-1.5302881676280888,0.6029910983471147,0.0,0.7969829481900765,0.0,3.0,15,0.7671125836924454,0.03333333333333333,0.03888888888888889,,,UNAVAILABLE,True,INSUFFICIENT,['NO_EVIDENCE_CLASS_THRESHOLD_MET']
TNFRSF12A,Endothelial,IFN_II,0.6648342042276485,0.5541070942912931,-0.42121570058328595,1.750884109038583,0.0,1.2519240605295574,0.0,3.0,15,0.6905487249105019,0.03888888888888888,0.022222222222222223,,,UNAVAILABLE,True,INSUFFICIENT,['NO_EVIDENCE_CLASS_THRESHOLD_MET']
TNFRSF12A,Epithelial,IFN_II,-0.5535019410782875,0.528795919498618,-1.5899419432955788,0.4829380611390037,0.0,0.4670109410206372,0.0,3.0,15,0.7671125836924454,0.027777777777777776,0.05555555555555555,,,UNAVAILABLE,True,INSUFFICIENT,['NO_EVIDENCE_CLASS_THRESHOLD_MET']
TNFRSF12A,Fibroblast,tissue_damage,-0.07125767942219877,0.6137535754119919,-1.274214687229703,1.1316993283853054,0.0,0.9568052647234522,0.0,3.0,15,0.8232652567631769,0.06666666666666667,0.061111111111111116,,,UNAVAILABLE,True,INSUFFICIENT,['NO_EVIDENCE_CLASS_THRESHOLD_MET']
TNFRSF12A,Myeloid,IFN_II,-1.2285449183488258e-13,7.071067811864057e-07,-1.385929413979847e-06,1.3859291682708632e-06,0.0,0.07525298154739565,0.0,3.0,15,0.9804961180383036,0.016666666666666666,0.027777777777777776,,,UNAVAILABLE,True,INSUFFICIENT,['NO_EVIDENCE_CLASS_THRESHOLD_MET']
TNFRSF12A,Plasma_cell,lymphocyte_activation,-9.989766744318177e-13,9.999999999991159e-07,-1.9600009989749416e-06,1.959999001021593e-06,0.0,1.1233188500057985,0.0,3.0,15,0.7671125836924454,0.022222222222222223,0.027777777777777776,,,UNAVAILABLE,True,INSUFFICIENT,['NO_EVIDENCE_CLASS_THRESHOLD_MET']
TNFRSF12A,T_cell,lymphocyte_activation,1.592866480510879e-12,9.999999999984888e-07,-1.9599984071305575e-06,1.960001592863519e-06,0.0,1.0054886414778377,0.0,3.0,15,0.7671125836924454,0.027777777777777776,0.016666666666666666,,,UNAVAILABLE,True,INSUFFICIENT,['NO_EVIDENCE_CLASS_THRESHOLD_MET']
TNFRSF17,B_cell,lymphocyte_activation,-0.0944037251602648,0.6268831453737607,-1.3230946900928355,1.134287239772306,0.7412545981727051,5.423554998704767,63.12381822480583,3.0,15,0.6905487249105019,0.21666666666666667,0.19999999999999998,2.027228354758316,3.0,DISCORDANT,True,INSUFFICIENT,['NO_EVIDENCE_CLASS_THRESHOLD_MET']
TNFRSF17,Endothelial,IFN_II,-0.638232603510642,0.6904759218127866,-1.9915654102637037,0.7151002032424196,1.0183396811811438,7.323712469103774,72.69144565085928,3.0,15,0.4557963510102586,0.21111111111111114,0.22777777777777777,0.4294139981549992,3.0,DISCORDANT,True,INSUFFICIENT,['NO_EVIDENCE_CLASS_THRESHOLD_MET']
TNFRSF17,Epithelial,IFN_II,0.21477004152860946,0.46421363375925945,-0.695088680639539,1.1246287636967578,0.29905983673243813,3.6462688010063258,45.1494086380021,3.0,15,0.6905487249105019,0.19999999999999998,0.18333333333333335,0.2872131735646881,3.0,CONCORDANT,True,INSUFFICIENT,['NO_EVIDENCE_CLASS_THRESHOLD_MET']
TNFRSF17,Fibroblast,tissue_damage,0.3272063528745782,0.21139269881844655,-0.08712333680957701,0.7415360425587334,0.0,0.4843334992946922,0.0,3.0,15,0.7645160281923955,0.2111111111111111,0.18888888888888888,0.3686554285927933,3.0,CONCORDANT,True,INSUFFICIENT,['NO_EVIDENCE_CLASS_THRESHOLD_MET']
TNFRSF17,Myeloid,IFN_II,0.010581791446688292,0.38231768073002076,-0.7387608627841524,0.7599244456775289,0.009359901430877582,2.043327066534426,2.1204175897258937,3.0,15,0.7671125836924454,0.15555555555555556,0.17777777777777778,1.267730671626713,3.0,CONCORDANT,True,INSUFFICIENT,['NO_EVIDENCE_CLASS_THRESHOLD_MET']
TNFRSF17,Plasma_cell,lymphocyte_activation,0.09169395688455001,0.0849434950317703,-0.07479529337771978,0.2581832071468198,0.010965683725892262,3.6103057176636044,44.60302931646763,3.0,15,0.6905487249105019,0.9500000000000001,0.9444444444444445,-0.07776482298236106,3.0,DISCORDANT,True,INSUFFICIENT,['NO_EVIDENCE_CLASS_THRESHOLD_MET']
TNFRSF17,T_cell,lymphocyte_activation,-0.17998065843639727,0.30350718699640405,-0.7748547449493493,0.41489342807655466,0.03395786994899551,2.225937319373229,10.150210313956523,3.0,15,0.7671125836924454,0.17222222222222225,0.18333333333333335,1.1148493842514788,3.0,DISCORDANT,True,INSUFFICIENT,['NO_EVIDENCE_CLASS_THRESHOLD_MET']
TNFRSF18,B_cell,lymphocyte_activation,1.3794133070517347,0.5502916156809979,0.30084174031697875,2.457984873786491,0.0,1.064545550576204,0.0,3.0,15,0.5311873654821776,0.049999999999999996,0.022222222222222223,,,UNAVAILABLE,True,INSUFFICIENT,['NO_EVIDENCE_CLASS_THRESHOLD_MET']
TNFRSF18,Endothelial,IFN_II,-1.6231890327975744,1.2379468120311725,-4.049564784378672,0.8031867187835235,4.179378896674578,29.751647273377728,93.27768314264188,3.0,15,0.13948984140612142,0.005555555555555556,0.06111111111111111,,,UNAVAILABLE,True,INSUFFICIENT,['EXCESSIVE_HETEROGENEITY']
TNFRSF18,Epithelial,IFN_II,-0.06121605342086017,0.23142575637104745,-0.5148105359081132,0.3923784290663928,0.09812055628210374,7.024222839665709,71.52709921578766,3.0,15,0.5311873654821776,0.022222222222222223,0.03888888888888889,,,UNAVAILABLE,True,INSUFFICIENT,['NO_EVIDENCE_CLASS_THRESHOLD_MET']
TNFRSF18,Fibroblast,tissue_damage,-0.7164482051353344,0.6904026739829197,-2.069637446141857,0.6367410358711881,0.8183814242117519,4.309889561843765,53.595098637645776,3.0,15,0.6905487249105019,0.027777777777777776,0.07777777777777777,,,UNAVAILABLE,True,INSUFFICIENT,['NO_EVIDENCE_CLASS_THRESHOLD_MET']
TNFRSF18,Myeloid,IFN_II,-9.06284396650099e-13,9.999999999993782e-07,-1.960000906283178e-06,1.959999093714385e-06,0.0,0.6721579935248994,0.0,3.0,15,0.8798589077985951,0.027777777777777776,0.03888888888888888,,,UNAVAILABLE,True,INSUFFICIENT,['NO_EVIDENCE_CLASS_THRESHOLD_MET']
TNFRSF18,Plasma_cell,lymphocyte_activation,-1.326367012993874e-12,9.999999999989594e-07,-1.960001326364973e-06,1.9599986736309473e-06,0.0,1.514862474811023,0.0,3.0,15,0.7671125836924454,0.022222222222222223,0.03333333333333333,,,UNAVAILABLE,True,INSUFFICIENT,['NO_EVIDENCE_CLASS_THRESHOLD_MET']
TNFRSF18,T_cell,lymphocyte_activation,0.9100614307553558,0.5087085270647055,-0.08700728229146693,1.9071301438021786,0.0,0.5972417228161657,0.0,3.0,15,0.6905487249105019,0.07222222222222223,0.044444444444444446,,,UNAVAILABLE,True,C,[]
TNFRSF4,B_cell,lymphocyte_activation,0.7023387138573907,0.3477332832074886,0.020781478770713013,1.3838959489440683,0.14671148971164064,3.3030214734838985,39.44937942257827,3.0,15,0.442912800411613,0.3444444444444445,0.25555555555555554,-0.3260743714364723,3.0,DISCORDANT,True,C,[]
TNFRSF4,Endothelial,IFN_II,0.3027218738849092,0.5454254361559089,-0.7663119809806722,1.3717557287504905,0.3657912059848886,3.1405806168866315,36.317508003259896,3.0,15,0.7671125836924454,0.24444444444444446,0.26666666666666666,0.9929307043049739,3.0,CONCORDANT,True,INSUFFICIENT,['NO_EVIDENCE_CLASS_THRESHOLD_MET']
TNFRSF4,Epithelial,IFN_II,-0.25540376059122055,0.36057558343556945,-0.9621319041249368,0.4513243829424956,0.0,0.35921261083382633,0.0,3.0,15,0.8798589077985951,0.24444444444444446,0.2833333333333334,-0.49137560616135795,3.0,CONCORDANT,True,INSUFFICIENT,['NO_EVIDENCE_CLASS_THRESHOLD_MET']
TNFRSF4,Fibroblast,tissue_damage,0.05879645618876669,0.3159412012287387,-0.5604482982195611,0.6780412105970945,0.0,0.896110898861057,0.0,3.0,15,0.8001841843873508,0.2611111111111111,0.2388888888888889,-0.6183225250605497,3.0,DISCORDANT,True,INSUFFICIENT,['NO_EVIDENCE_CLASS_THRESHOLD_MET']
TNFRSF4,Myeloid,IFN_II,-0.28178452599536885,0.17957618193422378,-0.6337538425864475,0.07018479059570976,0.017003634233384007,2.356959977901085,15.144931659763017,3.0,15,0.5341146588002864,0.2333333333333333,0.26666666666666666,-0.13928673464482888,3.0,CONCORDANT,True,INSUFFICIENT,['NO_EVIDENCE_CLASS_THRESHOLD_MET']
TNFRSF4,Plasma_cell,lymphocyte_activation,-0.5693191659879973,0.3491268017401755,-1.2536076973987411,0.11496936542274672,0.19400683802504975,4.601410680329575,56.53506850519262,3.0,15,0.442912800411613,0.24444444444444446,0.3277777777777778,0.06741870667640859,3.0,DISCORDANT,True,INSUFFICIENT,['NO_EVIDENCE_CLASS_THRESHOLD_MET']
TNFRSF4,T_cell,lymphocyte_activation,1.9272818913747989,0.15127043273969135,1.630791843205004,2.223771939544594,0.0,0.1976635195708098,0.0,3.0,15,0.0253632030067111,0.6611111111111111,0.3111111111111111,3.227812162482594,3.0,CONCORDANT,True,A,[]
TNFRSF9,B_cell,lymphocyte_activation,0.7740891402027721,0.19316295147690105,0.39548975530804603,1.152688525097498,0.0,0.6380551552095491,0.0,3.0,15,0.24730628603957763,0.29444444444444445,0.22777777777777777,0.044350633109278066,3.0,DISCORDANT,True,B,[]
TNFRSF9,Endothelial,IFN_II,-0.27132482807597735,0.21403687771812907,-0.6908371084035103,0.1481874522515556,0.0,1.0157782927914214,0.0,3.0,15,0.6905487249105019,0.27777777777777773,0.2833333333333334,-0.04806936366043379,3.0,CONCORDANT,True,INSUFFICIENT,['NO_EVIDENCE_CLASS_THRESHOLD_MET']
TNFRSF9,Epithelial,IFN_II,0.4926043261906919,0.31814994105480565,-0.13096955827672713,1.1161782106581108,0.0,0.3852629131133729,0.0,3.0,15,0.7638384959089277,0.27777777777777773,0.24444444444444444,-0.118275191866295,3.0,DISCORDANT,True,INSUFFICIENT,['NO_EVIDENCE_CLASS_THRESHOLD_MET']
TNFRSF9,Fibroblast,tissue_damage,0.6818701218388331,0.4297984027997184,-0.16053474764861497,1.5242749913262812,0.3382787673809749,5.368018722421422,62.74230580369821,3.0,15,0.563376228487125,0.3111111111111111,0.22222222222222224,0.04176056768502821,3.0,DISCORDANT,True,C,[]
TNFRSF9,Myeloid,IFN_II,-0.4971300252530213,0.6175699739734845,-1.7075671742410508,0.7133071237350082,0.6139731728443826,4.252232767188891,52.965886170850894,3.0,15,0.6905487249105019,0.25555555555555554,0.2833333333333333,0.19318847020488983,3.0,DISCORDANT,True,INSUFFICIENT,['NO_EVIDENCE_CLASS_THRESHOLD_MET']
TNFRSF9,Plasma_cell,lymphocyte_activation,-0.09084069810537065,0.20316260309811934,-0.48903940017768455,0.30735800396694324,0.03920852817171608,2.4978790869987777,19.93207315719127,3.0,15,0.7066546857974362,0.24444444444444446,0.2888888888888889,0.7863215724241525,3.0,DISCORDANT,True,INSUFFICIENT,['NO_EVIDENCE_CLASS_THRESHOLD_MET']
TNFRSF9,T_cell,lymphocyte_activation,1.7272278507043939,0.23546464252881114,1.265717151347924,2.188738550060864,0.11640438281995695,7.691628062601243,73.99770264861692,3.0,15,0.02176466606769985,0.7222222222222222,0.29444444444444445,1.6052156268269926,3.0,CONCORDANT,True,B,[]
VCAM1,B_cell,lymphocyte_activation,0.377952906152805,0.3559978668581322,-0.31980291288913404,1.0757087251947441,0.12338205337032597,2.763930403157739,27.63927783004097,3.0,15,0.6905487249105019,0.1888888888888889,0.16666666666666666,,,UNAVAILABLE,True,INSUFFICIENT,['NO_EVIDENCE_CLASS_THRESHOLD_MET']
VCAM1,Endothelial,IFN_II,2.002699108535493,1.1006987435488362,-0.1546704288202263,4.1600686458912115,3.4212187143750756,44.16299425359017,95.47132155823557,3.0,15,0.014475104561233326,0.3277777777777778,0.17222222222222225,,,UNAVAILABLE,True,INSUFFICIENT,['EXCESSIVE_HETEROGENEITY']
VCAM1,Epithelial,IFN_II,0.9803303716340748,0.7066932328085177,-0.40478836467061985,2.3654491079387694,1.1583525202061864,9.810602400371181,79.61389200805517,3.0,15,0.04395310615055971,0.3,0.17777777777777778,,,UNAVAILABLE,True,C,[]
VCAM1,Fibroblast,tissue_damage,-0.9251234307362461,0.7624449996177423,-2.419515629987021,0.5692687685145286,1.2808441661134045,7.941874036723006,74.81702692900876,3.0,15,0.5341146588002864,0.16111111111111112,0.21666666666666667,,,UNAVAILABLE,True,INSUFFICIENT,['NO_EVIDENCE_CLASS_THRESHOLD_MET']
VCAM1,Myeloid,IFN_II,1.5168329109362624,0.5696803355391815,0.40025945327946655,2.633406368593058,0.6321545739549349,5.6709300280898995,64.73241619816554,3.0,15,0.13492303781259263,0.3111111111111111,0.20555555555555557,,,UNAVAILABLE,True,B,[]
VCAM1,Plasma_cell,lymphocyte_activation,0.8023574220018322,0.48181455389010164,-0.1419991036227669,1.7467139476264313,0.0,0.9762585278010746,0.0,3.0,15,0.7519053019536832,0.22777777777777777,0.14444444444444443,,,UNAVAILABLE,True,B,[]
VCAM1,T_cell,lymphocyte_activation,0.3880654397845663,0.4803428041142497,-0.553406456279363,1.3295373358484956,0.023321889136857916,2.0567768522185097,2.760477013209685,3.0,15,0.6905487249105019,0.20555555555555557,0.18333333333333335,,,UNAVAILABLE,True,INSUFFICIENT,['NO_EVIDENCE_CLASS_THRESHOLD_MET']
