study,target,cell_type,stimulus,inducibility_lfc,inducibility_se,ci_low,ci_high,p_value,n_pairs,total_pairs,positive_fraction_resting,positive_fraction_activated,fraction_donors_positive,i2,tau2,n_studies,q_value
GSE134809,CD19,B_cell,tissue_inflammation_crohns,0.1692465391952411,0.18211863195624434,-0.18770597943899778,0.52619905782948,0.37461175139780983,11,11,0.1275900638894144,0.1417799514054726,0.5454545454545454,,,1,0.6544940943961735
GSE134809,CD19,Endothelial,tissue_inflammation_crohns,0.18145048403766667,0.1814504840376667,-0.17419246467616006,0.5370934327514933,0.3434363961379134,10,10,0.0,0.0012453300124533001,0.1,,,1,0.6251776312929681
GSE134809,CD19,Mast_cell,tissue_inflammation_crohns,0.6156585530543294,0.6156585530543295,-0.5910322109321563,1.822349317040815,0.34089313230206003,11,11,0.0,0.012987012987012986,0.09090909090909091,,,1,0.6251776312929681
GSE134809,CD19,Myeloid,tissue_inflammation_crohns,0.41879900801202474,0.39998668967095874,-0.3651749037430544,1.2027729197671038,0.3197321355692682,11,11,0.005814100900313101,0.006472489908008658,0.6363636363636364,,,1,0.6251776312929681
GSE134809,CD19,NK_cell,tissue_inflammation_crohns,0.17610767273626207,0.6835746967960585,-1.1636987329840127,1.5159140784565368,0.801918319763949,11,11,0.0018019785433764574,0.0027028380300026036,0.2727272727272727,,,1,0.9747090891631996
GSE134809,CD19,Plasma_cell,tissue_inflammation_crohns,0.02820521118747964,0.2605997470156565,-0.4825702929632071,0.5389807153381664,0.9159525793702991,11,11,0.03943383956527405,0.04625655048221462,0.5454545454545454,,,1,1.0
GSE134809,CD19,Stromal,tissue_inflammation_crohns,0.6580986973617752,0.30207165609433434,0.06603825141687991,1.2501591433066706,0.054372372875446356,11,11,0.0,0.004417090108724882,0.36363636363636365,,,1,0.28015595515484226
GSE134809,CD19,T_cell,tissue_inflammation_crohns,0.24117810892101288,0.28497779282743274,-0.31737836502075534,0.7997345828627811,0.4171746035973165,11,11,0.001369001930210838,0.0023064695885479294,0.45454545454545453,,,1,0.6892449972477404
GSE134809,CD274,B_cell,tissue_inflammation_crohns,0.549442905591687,0.2728941763317301,0.01457031998149605,1.084315491201878,0.07176745524937303,11,11,0.0002855956828559568,0.0016174481621070262,0.45454545454545453,,,1,0.3259152632980737
GSE134809,CD274,Endothelial,tissue_inflammation_crohns,-0.15099481949473242,0.6270797386519573,-1.3800711072525687,1.078081468263104,0.8151132053094696,10,10,0.008619402538324019,0.007592480916201175,0.3,,,1,0.9794135937602253
GSE134809,CD274,Mast_cell,tissue_inflammation_crohns,0.35178891988528077,0.924692719396692,-1.4606088101322354,2.164186649902797,0.7115759872306164,11,11,0.031089481089481088,0.06542443064182195,0.36363636363636365,,,1,0.9284081550133365
GSE134809,CD274,Myeloid,tissue_inflammation_crohns,1.8500009859592559,0.5078124652400787,0.8546885540887016,2.8453134178298103,0.00451371565015574,11,11,0.006854359508957957,0.057468949927084075,0.7272727272727273,,,1,0.09718586705040053
GSE134809,CD274,NK_cell,tissue_inflammation_crohns,0.7759800580234617,0.8633875776381789,-0.9162595941473688,2.468219710194292,0.3899072921863956,11,11,0.00537466781002395,0.01128155721832907,0.5454545454545454,,,1,0.6649565937672153
GSE134809,CD274,Plasma_cell,tissue_inflammation_crohns,0.32459287669201936,0.2808074046929717,-0.22578963650620515,0.8749753898902439,0.2745810845760984,11,11,0.0044495755868745905,0.007631384013864573,0.6363636363636364,,,1,0.6092894139498827
GSE134809,CD274,Stromal,tissue_inflammation_crohns,1.3199326924541261,0.4596639252134451,0.41899139903577376,2.2208739858724784,0.016625464590043264,11,11,0.00020337604230221678,0.018428533211077073,0.5454545454545454,,,1,0.18294104234978112
GSE134809,CD274,T_cell,tissue_inflammation_crohns,1.184032096294121,0.33172797008078203,0.5338452749357884,1.834218917652454,0.005101797587546067,11,11,0.003579542629150499,0.011706266491920587,0.9090909090909091,,,1,0.09718586705040053
GSE134809,CD38,B_cell,tissue_inflammation_crohns,-0.5165960419703993,0.4715216432686846,-1.440778462777021,0.4075863788362225,0.2989408113618693,11,11,0.034315231004260004,0.022071382645417734,0.36363636363636365,,,1,0.6251776312929681
GSE134809,CD38,Endothelial,tissue_inflammation_crohns,0.542529213169735,0.9370697732072371,-1.2941275423164496,2.3791859686559196,0.5768145660670491,10,10,0.02091729511983208,0.03504572662360019,0.5,,,1,0.8445191001065514
GSE134809,CD38,Mast_cell,tissue_inflammation_crohns,1.0225008192130571,1.5202892363946323,-1.9572660841204221,4.002267722546536,0.516460133991533,11,11,0.12130705365999482,0.19144482936539237,0.6363636363636364,,,1,0.7938470651550463
GSE134809,CD38,Myeloid,tissue_inflammation_crohns,0.15025534971392637,0.15662480197499112,-0.1567292621570562,0.457239961584909,0.3600111778029745,11,11,0.11500325783354347,0.12460200476205796,0.7272727272727273,,,1,0.638096411563289
GSE134809,CD38,NK_cell,tissue_inflammation_crohns,0.21994591459524138,0.23801001138727612,-0.2465537077238198,0.6864455369143025,0.3771921936315047,11,11,0.09062121069442984,0.10144677496705116,0.7272727272727273,,,1,0.6552367249370138
GSE134809,CD38,Plasma_cell,tissue_inflammation_crohns,0.06375077449400299,0.12396039077367485,-0.1792115914223997,0.30671314041040565,0.6182270117131332,11,11,0.22039949135797007,0.2426203475906454,0.5454545454545454,,,1,0.8823521669520775
GSE134809,CD38,Stromal,tissue_inflammation_crohns,-0.13593668611210727,0.7656069182135955,-1.6365262458107543,1.36465287358654,0.8626181103623547,11,11,0.006990525449472053,0.013609641514109927,0.45454545454545453,,,1,1.0
GSE134809,CD38,T_cell,tissue_inflammation_crohns,0.6045427991066936,0.21190700593229309,0.1892050674793992,1.019880530733988,0.017165471833601526,11,11,0.03142068678987547,0.04703938184785663,0.7272727272727273,,,1,0.18294104234978112
GSE134809,CD3E,B_cell,tissue_inflammation_crohns,-1.4217440090216398,0.5908581466152109,-2.579825976387453,-0.26366204165582663,0.03692012930788139,11,11,0.12778643867058243,0.07275790995441095,0.18181818181818182,,,1,0.2393307491282663
GSE134809,CD3E,Endothelial,tissue_inflammation_crohns,-1.2992183561543256,0.8891839513647775,-3.042018900829289,0.44358218852063813,0.1779931246311807,10,10,0.041958358809749005,0.022935223791043024,0.1,,,1,0.49566681476390917
GSE134809,CD3E,Mast_cell,tissue_inflammation_crohns,-2.0882079044940407,1.2039982391260227,-4.448044453181045,0.2716286441929636,0.11350731760694983,11,11,0.06645392895392896,0.013581964165209128,0.09090909090909091,,,1,0.4001044789267159
GSE134809,CD3E,Myeloid,tissue_inflammation_crohns,-0.718857105214968,0.42295300407684,-1.5478449932055744,0.11013078277563837,0.12004360181611826,11,11,0.09911201522750117,0.06819077131838461,0.18181818181818182,,,1,0.41003657249550507
GSE134809,CD3E,NK_cell,tissue_inflammation_crohns,-0.23749980391089898,0.10138486355763761,-0.4362141364838687,-0.038785471337929256,0.04115975081560692,11,11,0.44140040288567656,0.3888225021847097,0.36363636363636365,,,1,0.25033449808474556
GSE134809,CD3E,Plasma_cell,tissue_inflammation_crohns,-0.2307990285785491,0.3232674925847586,-0.864403314044676,0.40280525688757784,0.4915816917185441,11,11,0.16347775843681608,0.15475296938563401,0.45454545454545453,,,1,0.7703135787754506
GSE134809,CD3E,Stromal,tissue_inflammation_crohns,0.16860754735222167,0.8630816788589689,-1.5230325432113574,1.8602476379158008,0.8490270928059276,11,11,0.028894054056869147,0.03188368481496429,0.5454545454545454,,,1,0.9946049478534451
GSE134809,CD3E,T_cell,tissue_inflammation_crohns,-0.21957214804657887,0.08161833298596968,-0.3795440806990794,-0.05960021539407831,0.022690709942846506,11,11,0.6039039538879857,0.5582116590617684,0.18181818181818182,,,1,0.18643177898987398
GSE134809,CD4,B_cell,tissue_inflammation_crohns,-0.44695860716692715,0.3361466735557067,-1.1058060873361124,0.211888873002258,0.2131651366370867,11,11,0.006237169181271303,0.003414643850684872,0.2727272727272727,,,1,0.5268471669729622
GSE134809,CD4,Endothelial,tissue_inflammation_crohns,-0.366029222633037,0.6536256505063033,-1.6471354976253914,0.9150770523593172,0.5891451894216128,10,10,0.016323106242027725,0.011570462620946598,0.4,,,1,0.8569384573405276
GSE134809,CD4,Mast_cell,tissue_inflammation_crohns,0.09801656489983052,0.6399513600759376,-1.1562881008490071,1.3523212306486683,0.8813166459263937,11,11,0.005271199388846448,0.008387158970403933,0.18181818181818182,,,1,1.0
GSE134809,CD4,Myeloid,tissue_inflammation_crohns,-0.03376137001036399,0.12744176386138245,-0.2835472271786736,0.2160244871579456,0.7964545986498276,11,11,0.240587380174016,0.23735371574764227,0.5454545454545454,,,1,0.9747090891631996
GSE134809,CD4,NK_cell,tissue_inflammation_crohns,0.9072327109096857,0.6150018668737878,-0.2981709481629383,2.11263636998231,0.1709427030125106,11,11,0.002416574122407457,0.00694875736301108,0.6363636363636364,,,1,0.490250770903804
GSE134809,CD4,Plasma_cell,tissue_inflammation_crohns,0.15796488355100602,0.2642339888980055,-0.35993373468908474,0.6758635017910968,0.5632515084650053,11,11,0.020613174081022558,0.02481947385771013,0.45454545454545453,,,1,0.8393551890851059
GSE134809,CD4,Stromal,tissue_inflammation_crohns,-1.4089381775601233,0.9211828818095934,-3.2144566259069265,0.3965802707866797,0.15713904443852675,11,11,0.06514914619919847,0.051691508714662125,0.2727272727272727,,,1,0.46378902436225367
GSE134809,CD4,T_cell,tissue_inflammation_crohns,0.2744918608219205,0.13806188487156662,0.003890566473649937,0.5450931551701911,0.07484703282837145,11,11,0.07486316541944356,0.09325133285255033,0.8181818181818182,,,1,0.3259152632980737
GSE134809,CD69,B_cell,tissue_inflammation_crohns,-0.7869998939244098,0.27899686659413053,-1.3338337524489057,-0.240166035399914,0.01813518938363189,11,11,0.7359357901290253,0.5993921298146605,0.18181818181818182,,,1,0.1837699190874698
GSE134809,CD69,Endothelial,tissue_inflammation_crohns,-1.8568971641308383,0.28710480737991323,-2.419622586595468,-1.2941717416662084,0.00011572925741840085,10,10,0.17994302088965014,0.11149317217994449,0.0,,,1,0.03518169425519386
GSE134809,CD69,Mast_cell,tissue_inflammation_crohns,-1.0759316285881944,0.35976727506607425,-1.7810754877177,-0.37078776945868885,0.013558996153650471,11,11,0.6985704544528074,0.5663754023968042,0.09090909090909091,,,1,0.16487739322838973
GSE134809,CD69,Myeloid,tissue_inflammation_crohns,-1.7888473803892702,0.4877496114493399,-2.7448366188299764,-0.8328581419485639,0.004334616663829404,11,11,0.4503654109087172,0.26186766741120854,0.09090909090909091,,,1,0.09718586705040053
GSE134809,CD69,NK_cell,tissue_inflammation_crohns,-1.022994030679601,0.2437652352142965,-1.5007738916996223,-0.5452141696595799,0.0018384842186571983,11,11,0.8695553905470618,0.7147040425313779,0.0,,,1,0.06986240030897353
GSE134809,CD69,Plasma_cell,tissue_inflammation_crohns,-1.3768646975770324,0.4431197667877271,-2.2453794404809777,-0.5083499546730874,0.011113414161634331,11,11,0.5021057069261334,0.3812055316652199,0.09090909090909091,,,1,0.14076991271403486
GSE134809,CD69,Stromal,tissue_inflammation_crohns,-1.4534171164674559,0.7228959257668659,-2.870293130970513,-0.03654110196439864,0.07210871696411192,11,11,0.15144522043911707,0.09986559508056601,0.18181818181818182,,,1,0.3259152632980737
GSE134809,CD69,T_cell,tissue_inflammation_crohns,-1.514960111430691,0.2870833076222866,-2.077643394370373,-0.9522768284910093,0.000359147192109053,11,11,0.877652545514998,0.6566650555274502,0.0,,,1,0.04165334949470645
GSE134809,CD70,B_cell,tissue_inflammation_crohns,0.5437533549559962,0.8020070399817997,-1.0281804434083313,2.1156871533203234,0.5131590678742449,11,11,0.030636166033147925,0.04776558330278074,0.7272727272727273,,,1,0.7938470651550463
GSE134809,CD70,Endothelial,tissue_inflammation_crohns,0.0014326996711913286,0.2838957302444381,-0.5550029316079074,0.55786833095029,0.9960835278224615,10,10,0.0008547008547008548,0.0012285012285012285,0.1,,,1,1.0
GSE134809,CD70,Mast_cell,tissue_inflammation_crohns,0.0,1e-08,-1.96e-08,1.96e-08,1.0,11,11,0.0,0.0,0.0,,,1,1.0
GSE134809,CD70,Myeloid,tissue_inflammation_crohns,1.6552829770714452,0.5612381099293884,0.5552562816098441,2.7553096725330466,0.014551039920493504,11,11,0.004286735195687206,0.028039016401849158,0.7272727272727273,,,1,0.17013523599346253
GSE134809,CD70,NK_cell,tissue_inflammation_crohns,1.0108354727091002,0.812893898854943,-0.582436569046588,2.6041075144647885,0.2420448895279972,11,11,0.011820712504962617,0.024076050375336354,0.6363636363636364,,,1,0.5524176233052701
GSE134809,CD70,Plasma_cell,tissue_inflammation_crohns,0.3915682786259289,0.2990087992344701,-0.19448896787363246,0.9776255251254903,0.21963409798231487,11,11,0.015431319895317793,0.02704481737621125,0.6363636363636364,,,1,0.5384577886018042
GSE134809,CD70,Stromal,tissue_inflammation_crohns,0.351493968901502,0.6626782048424049,-0.9473553125896117,1.6503432503926156,0.6074013549896354,11,11,0.004503072684890867,0.011480904816806204,0.2727272727272727,,,1,0.8709906222492885
GSE134809,CD70,T_cell,tissue_inflammation_crohns,1.0317264942287234,0.29410760960699156,0.45527557939901997,1.6081774090584269,0.00565059124059472,11,11,0.010937560554017962,0.026003518867168618,0.8181818181818182,,,1,0.101045866890635
GSE134809,CD79A,B_cell,tissue_inflammation_crohns,0.7975201087718916,0.8331678316698881,-0.8354888413010889,2.430529058844872,0.36102823285817665,11,11,0.62802239001397,0.6669390247363985,0.6363636363636364,,,1,0.638096411563289
GSE134809,CD79A,Endothelial,tissue_inflammation_crohns,1.5092953216648066,0.9279191980838929,-0.30942630657962344,3.3280169499092365,0.13827907303239942,10,10,0.017276829373418984,0.03246060808103484,0.7,,,1,0.4203683820184942
GSE134809,CD79A,Mast_cell,tissue_inflammation_crohns,1.8474127663649766,1.3682178074571187,-0.8342941362509761,4.529119668980929,0.2067069356029187,11,11,0.007371007371007371,0.05685425685425685,0.36363636363636365,,,1,0.5150730198630106
GSE134809,CD79A,Myeloid,tissue_inflammation_crohns,0.2195251624522073,0.7043504146415376,-1.1610016502452065,1.600051975149621,0.7616919124578727,11,11,0.029690439804947396,0.04572327198404631,0.6363636363636364,,,1,0.9648097557799721
GSE134809,CD79A,NK_cell,tissue_inflammation_crohns,1.4322694786880392,0.5595831854438106,0.33548643521817056,2.529052522157908,0.028396093512599085,11,11,0.0090550941448979,0.02734479646318415,0.7272727272727273,,,1,0.20075377739139819
GSE134809,CD79A,Plasma_cell,tissue_inflammation_crohns,0.00758320443928911,0.09535519439136453,-0.17931297656778536,0.1944793854463636,0.9381833064640718,11,11,0.444576047791563,0.4880652099458451,0.45454545454545453,,,1,1.0
GSE134809,CD79A,Stromal,tissue_inflammation_crohns,1.1306082608455703,1.0298728735042584,-0.8879425712227762,3.1491590929139166,0.29801578786032423,11,11,0.007872301885505332,0.033040926467538125,0.6363636363636364,,,1,0.6251776312929681
GSE134809,CD79A,T_cell,tissue_inflammation_crohns,0.8672711027267213,0.4634340700742032,-0.04105967461871696,1.7756018800721596,0.09079860956257857,11,11,0.011847477727559985,0.025167126157133454,0.8181818181818182,,,1,0.35847762736394656
GSE134809,CD8A,B_cell,tissue_inflammation_crohns,-0.039737972447834835,0.5698854752181678,-1.1567135038754437,1.077237558979774,0.9457834647614085,11,11,0.0574806889443141,0.03294710939721962,0.36363636363636365,,,1,1.0
GSE134809,CD8A,Endothelial,tissue_inflammation_crohns,-0.14521074077325874,0.3709120602353118,-0.8721983788344698,0.5817768972879525,0.704538047553569,10,10,0.021552808332530864,0.014258632499439998,0.3,,,1,0.9231877864495042
GSE134809,CD8A,Mast_cell,tissue_inflammation_crohns,-1.4240105213008836,0.8270056389517506,-3.044941573646315,0.19692053104454765,0.11581971758404934,11,11,0.027405484023131085,0.01098456156780653,0.09090909090909091,,,1,0.4001044789267159
GSE134809,CD8A,Myeloid,tissue_inflammation_crohns,-0.1334280488233506,0.4381118448751575,-0.9921272647786592,0.725271167131958,0.7669506663468258,11,11,0.03121056270557023,0.022738346650713722,0.2727272727272727,,,1,0.9674398446864525
GSE134809,CD8A,NK_cell,tissue_inflammation_crohns,-0.386622819329015,0.20994224099055042,-0.7981096116704938,0.024863973012463847,0.0953535373638421,11,11,0.34593781401200513,0.29550942999881435,0.18181818181818182,,,1,0.3716342994693333
GSE134809,CD8A,Plasma_cell,tissue_inflammation_crohns,-0.5119025232811157,0.2958679303724568,-1.091803666811131,0.06799862024889958,0.11428319451789515,11,11,0.07872196554539992,0.06239086368990663,0.2727272727272727,,,1,0.4001044789267159
GSE134809,CD8A,Stromal,tissue_inflammation_crohns,-1.4824003994072188,0.746777152459617,-2.946083618228068,-0.01871718058636951,0.07523616874894815,11,11,0.013443348820668506,0.008930695693954306,0.2727272727272727,,,1,0.3259152632980737
GSE134809,CD8A,T_cell,tissue_inflammation_crohns,-0.6845844366223665,0.205183015492255,-1.0867431469871862,-0.28242572625754664,0.00753536829931506,11,11,0.2089853073140384,0.14343060100510838,0.2727272727272727,,,1,0.12056589278904098
GSE134809,CLDN18,B_cell,tissue_inflammation_crohns,-0.3192706665839385,0.6433224413467953,-1.5801826516236572,0.9416413184557804,0.6304206987373443,11,11,0.011363636363636364,0.0007666085884688091,0.2727272727272727,,,1,0.8876153335894928
GSE134809,CLDN18,Endothelial,tissue_inflammation_crohns,-0.21941595325915442,0.15758798584695943,-0.528288405519195,0.08945649900088609,0.19725935238672693,10,10,0.0012294411928195402,0.0,0.0,,,1,0.5081935858098727
GSE134809,CLDN18,Mast_cell,tissue_inflammation_crohns,0.0,1e-08,-1.96e-08,1.96e-08,1.0,11,11,0.0,0.0,0.0,,,1,1.0
GSE134809,CLDN18,Myeloid,tissue_inflammation_crohns,0.10951518898217799,0.1734901325169125,-0.23052547075097052,0.4495558487153265,0.542037605127328,11,11,0.0005729766014576141,0.0012675944261661173,0.2727272727272727,,,1,0.8197981689487945
GSE134809,CLDN18,NK_cell,tissue_inflammation_crohns,0.32772310190325965,0.32026981857360937,-0.3000057425010147,0.9554519463075339,0.33029578836893475,11,11,0.00023132084200786494,0.001100293959789871,0.2727272727272727,,,1,0.6251776312929681
GSE134809,CLDN18,Plasma_cell,tissue_inflammation_crohns,0.03302581209170701,0.17024147972241688,-0.30064748816423004,0.3666991123476441,0.8500646982333423,11,11,0.001342775388845373,0.0012986433065075643,0.6363636363636364,,,1,0.9946049478534451
GSE134809,CLDN18,Stromal,tissue_inflammation_crohns,0.0,1e-08,-1.96e-08,1.96e-08,1.0,11,11,0.0,0.0,0.0,,,1,1.0
GSE134809,CLDN18,T_cell,tissue_inflammation_crohns,-0.321302179131742,0.18573662032910732,-0.6853459549767924,0.042741596713308294,0.11433698959569359,11,11,0.001203811900383643,0.0007314364908083532,0.2727272727272727,,,1,0.4001044789267159
GSE134809,CLDN6,B_cell,tissue_inflammation_crohns,0.04761730218184676,0.04761730218184676,-0.04571261009457289,0.1409472144582664,0.34089313230206,11,11,0.0,6.626027034190299e-05,0.09090909090909091,,,1,0.6251776312929681
GSE134809,CLDN6,Endothelial,tissue_inflammation_crohns,0.35764688058677385,0.35764688058677385,-0.3433410053633029,1.0586347665368505,0.3434363961379134,10,10,0.0,0.0036363636363636364,0.1,,,1,0.6251776312929681
GSE134809,CLDN6,Mast_cell,tissue_inflammation_crohns,0.0,1e-08,-1.96e-08,1.96e-08,1.0,11,11,0.0,0.0,0.0,,,1,1.0
GSE134809,CLDN6,Myeloid,tissue_inflammation_crohns,0.0,1e-08,-1.96e-08,1.96e-08,1.0,11,11,0.0,0.0,0.0,,,1,1.0
GSE134809,CLDN6,NK_cell,tissue_inflammation_crohns,0.0,1e-08,-1.96e-08,1.96e-08,1.0,11,11,0.0,0.0,0.0,,,1,1.0
GSE134809,CLDN6,Plasma_cell,tissue_inflammation_crohns,0.02424343387032377,0.016586784630067818,-0.00826666400460915,0.056753531745256686,0.17454813413224957,11,11,0.0,6.351043672259405e-05,0.18181818181818182,,,1,0.49566681476390917
GSE134809,CLDN6,Stromal,tissue_inflammation_crohns,0.07803941127377807,0.07803941127377806,-0.07491783482282692,0.23099665737038305,0.34089313230206,11,11,0.0,0.0003852080123266564,0.09090909090909091,,,1,0.6251776312929681
GSE134809,CLDN6,T_cell,tissue_inflammation_crohns,0.004269903214188913,0.032259965687973756,-0.058959629534239645,0.06749943596261747,0.8973255550289455,11,11,3.0404378230465186e-05,2.9449009040845775e-05,0.09090909090909091,,,1,1.0
GSE134809,CTLA4,B_cell,tissue_inflammation_crohns,-0.25694471147320963,0.8238305951081113,-1.8716526778851077,1.3577632549386887,0.7615296897723848,11,11,0.014770819274192463,0.013677636097333917,0.45454545454545453,,,1,0.9648097557799721
GSE134809,CTLA4,Endothelial,tissue_inflammation_crohns,0.790227844229309,0.625265266492298,-0.435292078095595,2.015747766554213,0.23804363595633818,10,10,0.005501313967984597,0.01584037337461995,0.5,,,1,0.5524066055780672
GSE134809,CTLA4,Mast_cell,tissue_inflammation_crohns,-1.6345279482445314,0.8613116528702965,-3.322698787870313,0.05364289138124989,0.08694879358532064,11,11,0.024818318935965998,0.0,0.0,,,1,0.3501442151565019
GSE134809,CTLA4,Myeloid,tissue_inflammation_crohns,1.030576886505352,0.4506519937414537,0.14729897877210274,1.9138547942386013,0.04525492540358472,11,11,0.03140339678919327,0.05327206786665759,0.8181818181818182,,,1,0.25454589773348657
GSE134809,CTLA4,NK_cell,tissue_inflammation_crohns,2.150906880581821,0.8246388732277927,0.5346146890553471,3.767199072108294,0.026116799483796957,11,11,0.009735636077655678,0.04425208641459016,0.8181818181818182,,,1,0.19165163411614577
GSE134809,CTLA4,Plasma_cell,tissue_inflammation_crohns,1.1178026872849864,0.31330943674814454,0.5037161912586231,1.73188918331135,0.005115045634231607,11,11,0.01356874846024466,0.03035493414771594,0.9090909090909091,,,1,0.09718586705040053
GSE134809,CTLA4,Stromal,tissue_inflammation_crohns,0.873201074365544,0.3783103237053743,0.1317128399030103,1.6146893088280776,0.04364384341609051,11,11,0.00020337604230221678,0.007312204504410877,0.36363636363636365,,,1,0.25033449808474556
GSE134809,CTLA4,T_cell,tissue_inflammation_crohns,0.933775671615896,0.21141150986326082,0.5194091122839049,1.3481422309478872,0.001300447170825189,11,11,0.07596085417283692,0.150195513603538,0.9090909090909091,,,1,0.056476562847265356
GSE134809,DLL3,B_cell,tissue_inflammation_crohns,-0.2809268235286844,0.41868934736415864,-1.1015579443624353,0.5397042973050665,0.517438556419485,11,11,0.00349391698678584,0.0014595523329154517,0.18181818181818182,,,1,0.7938470651550463
GSE134809,DLL3,Endothelial,tissue_inflammation_crohns,0.19115831741966224,0.19115831741966227,-0.1835119847228758,0.5658286195622003,0.3434363961379134,10,10,0.0,0.0012285012285012285,0.1,,,1,0.6251776312929681
GSE134809,DLL3,Mast_cell,tissue_inflammation_crohns,0.0,1e-08,-1.96e-08,1.96e-08,1.0,11,11,0.0,0.0,0.0,,,1,1.0
GSE134809,DLL3,Myeloid,tissue_inflammation_crohns,-0.16746651880211705,0.1890960723481811,-0.5380948206045519,0.2031617830003179,0.3966208110822106,11,11,0.0009687921080326144,0.0002539360081259523,0.09090909090909091,,,1,0.6661476606021659
GSE134809,DLL3,NK_cell,tissue_inflammation_crohns,0.15725866678937683,0.15725866678937683,-0.15096832011780176,0.4654856536965554,0.34089313230206,11,11,0.0,0.00036656891495601173,0.09090909090909091,,,1,0.6251776312929681
GSE134809,DLL3,Plasma_cell,tissue_inflammation_crohns,-0.053254543018252117,0.06909258942819105,-0.18867601829750655,0.08216693226100233,0.45866645151530605,11,11,0.0007682780133093557,0.0006333595192077226,0.2727272727272727,,,1,0.7416734109609204
GSE134809,DLL3,Stromal,tissue_inflammation_crohns,0.18884489597563306,0.14655491732250464,-0.09840274197647605,0.4760925339277422,0.22656385117014993,11,11,0.0,0.0015700144744828877,0.18181818181818182,,,1,0.5422074530176506
GSE134809,DLL3,T_cell,tissue_inflammation_crohns,-0.1150152768268029,0.25262087721326804,-0.6101521961648082,0.38012164251120245,0.6586272195945579,11,11,0.0006220876281623107,0.0005495819081797556,0.36363636363636365,,,1,0.8978595280571552
GSE134809,ENTPD1,B_cell,tissue_inflammation_crohns,-0.5200071140338604,0.5346062835242738,-1.5678354297414367,0.5278212016737162,0.35364675821451713,11,11,0.0794063102115925,0.07064423643110512,0.2727272727272727,,,1,0.6324036146894895
GSE134809,ENTPD1,Endothelial,tissue_inflammation_crohns,1.3210618342964413,0.7993336223485059,-0.2456320655066302,2.887755734099513,0.13278226537980123,10,10,0.24111826579427925,0.4493995560061921,0.7,,,1,0.4203683820184942
GSE134809,ENTPD1,Mast_cell,tissue_inflammation_crohns,0.6106593652265504,1.0171531902779258,-1.3829608877181843,2.604279618171285,0.561623770450576,11,11,0.014373464373464373,0.030398850161696012,0.18181818181818182,,,1,0.8393551890851059
GSE134809,ENTPD1,Myeloid,tissue_inflammation_crohns,-0.47865662390447344,0.09976802551776992,-0.6742019539193025,-0.2831112938896444,0.0007261415247670896,11,11,0.2623465916661126,0.2336079901334684,0.09090909090909091,,,1,0.04414940470583904
GSE134809,ENTPD1,NK_cell,tissue_inflammation_crohns,1.3506207500004437,0.627023029377773,0.12165561242000855,2.579585887580879,0.056678633847550994,11,11,0.03735924201280572,0.08009930983230361,0.7272727272727273,,,1,0.2818304356117781
GSE134809,ENTPD1,Plasma_cell,tissue_inflammation_crohns,0.06027598618897991,0.14425558748335718,-0.22246496527840012,0.34301693765635993,0.684893276253882,11,11,0.08422473700208206,0.10143281428401182,0.5454545454545454,,,1,0.9054622929918125
GSE134809,ENTPD1,Stromal,tissue_inflammation_crohns,1.0386151231251126,0.6434136862154662,-0.22247570185720122,2.2997059481074267,0.13755270845166007,11,11,0.04479039697177641,0.1051239036812083,0.6363636363636364,,,1,0.4203683820184942
GSE134809,ENTPD1,T_cell,tissue_inflammation_crohns,1.2395086440050773,0.3858627866605342,0.4832175821504303,1.9957997058597243,0.009295650094820376,11,11,0.0364493889521967,0.07449530733714012,0.8181818181818182,,,1,0.12877703705534058
GSE134809,ERBB2,B_cell,tissue_inflammation_crohns,-0.5995714651062817,0.4980312099380655,-1.57571263658489,0.3765697063723267,0.2563575454903508,11,11,0.004498354548152266,0.002012950580821494,0.18181818181818182,,,1,0.5772792135486418
GSE134809,ERBB2,Endothelial,tissue_inflammation_crohns,-0.4694260021226643,0.9690787251481078,-2.3688203034129556,1.4299682991676268,0.6396692150733093,10,10,0.02732885788041841,0.06476847545739538,0.4,,,1,0.8960394443452789
GSE134809,ERBB2,Mast_cell,tissue_inflammation_crohns,0.0,1e-08,-1.96e-08,1.96e-08,1.0,11,11,0.0,0.0,0.0,,,1,1.0
GSE134809,ERBB2,Myeloid,tissue_inflammation_crohns,0.23390061915685523,0.26243560732465315,-0.2804731711994649,0.7482744095131754,0.3937242989411143,11,11,0.006319656237131943,0.006987106378819427,0.2727272727272727,,,1,0.6649565937672153
GSE134809,ERBB2,NK_cell,tissue_inflammation_crohns,0.2560502610150595,0.5551323509226361,-0.8320091467933073,1.3441096688234262,0.6544943977931256,11,11,0.003952509327587743,0.004183001069797551,0.45454545454545453,,,1,0.8978595280571552
GSE134809,ERBB2,Plasma_cell,tissue_inflammation_crohns,0.03334884708593104,0.26118382994241074,-0.478571459601194,0.5452691537730561,0.9009306655052985,11,11,0.0065513829765822575,0.006905663277088515,0.45454545454545453,,,1,1.0
GSE134809,ERBB2,Stromal,tissue_inflammation_crohns,0.15100234039755814,1.0432363898659807,-1.8937409837397636,2.19574566453488,0.8877885905231919,11,11,0.04012944542247831,0.05569873165265873,0.5454545454545454,,,1,1.0
GSE134809,ERBB2,T_cell,tissue_inflammation_crohns,-0.05932289453101693,0.37857070149589117,-0.8013214694629636,0.6826756804009297,0.8785980303015026,11,11,0.007077990191893632,0.006469774430960909,0.45454545454545453,,,1,1.0
GSE134809,FAP,B_cell,tissue_inflammation_crohns,0.16445609858224433,0.15915293592707366,-0.14748365583482007,0.47639585299930876,0.3257964778459483,11,11,0.00010377750103777501,0.000407830156113909,0.18181818181818182,,,1,0.6251776312929681
GSE134809,FAP,Endothelial,tissue_inflammation_crohns,0.6230196206860249,0.7809427629593844,-0.9076281947143684,2.153667436086418,0.44553678514372547,10,10,0.10376084683654466,0.10529396647499395,0.3,,,1,0.7242950945652008
GSE134809,FAP,Mast_cell,tissue_inflammation_crohns,0.0,1e-08,-1.96e-08,1.96e-08,1.0,11,11,0.0,0.0,0.0,,,1,1.0
GSE134809,FAP,Myeloid,tissue_inflammation_crohns,-0.08706292405445346,0.20793841609604713,-0.4946222196027058,0.32049637149379895,0.6842890664070916,11,11,0.0006861649279682067,0.00041701417848206843,0.09090909090909091,,,1,0.9054622929918125
GSE134809,FAP,NK_cell,tissue_inflammation_crohns,0.0,1e-08,-1.96e-08,1.96e-08,1.0,11,11,0.0,0.0,0.0,,,1,1.0
GSE134809,FAP,Plasma_cell,tissue_inflammation_crohns,0.10356247616377455,0.10160258896608304,-0.09557859820974822,0.3027035505372973,0.33209149901764745,11,11,0.000508049544633671,0.0011886560128045592,0.6363636363636364,,,1,0.6251776312929681
GSE134809,FAP,Stromal,tissue_inflammation_crohns,2.947888669414436,1.1336756174797353,0.7258844591541549,5.169892879674718,0.026478186292362243,11,11,0.0036665795055056804,0.17383299158843493,0.6363636363636364,,,1,0.19165163411614577
GSE134809,FAP,T_cell,tissue_inflammation_crohns,0.023798714324139006,0.02379871432413901,-0.022846765751173455,0.07044419439945146,0.34089313230206003,11,11,0.0,2.9449009040845775e-05,0.09090909090909091,,,1,0.6251776312929681
GSE134809,FOLR1,B_cell,tissue_inflammation_crohns,-0.11846963117047182,0.11846963117047182,-0.3506701082645966,0.11373084592365296,0.34089313230206,11,11,0.00028677946659019213,0.0,0.0,,,1,0.6251776312929681
GSE134809,FOLR1,Endothelial,tissue_inflammation_crohns,0.0,1e-08,-1.96e-08,1.96e-08,1.0,10,10,0.0,0.0,0.0,,,1,1.0
GSE134809,FOLR1,Mast_cell,tissue_inflammation_crohns,0.0,1e-08,-1.96e-08,1.96e-08,1.0,11,11,0.0,0.0,0.0,,,1,1.0
GSE134809,FOLR1,Myeloid,tissue_inflammation_crohns,0.0,1e-08,-1.96e-08,1.96e-08,1.0,11,11,0.0,0.0,0.0,,,1,1.0
GSE134809,FOLR1,NK_cell,tissue_inflammation_crohns,0.0,1e-08,-1.96e-08,1.96e-08,1.0,11,11,0.0,0.0,0.0,,,1,1.0
GSE134809,FOLR1,Plasma_cell,tissue_inflammation_crohns,0.007956682176744593,0.015837831616147255,-0.023085467790904028,0.03899883214439321,0.6262745917730624,11,11,1.5382248884786955e-05,4.624063627115509e-05,0.09090909090909091,,,1,0.8876153335894928
GSE134809,FOLR1,Stromal,tissue_inflammation_crohns,0.3165117044396238,0.5502063669819964,-0.7618927748450892,1.3949161837243367,0.5778288579676405,11,11,0.001872754389532913,0.014584342211460854,0.2727272727272727,,,1,0.8445191001065514
GSE134809,FOLR1,T_cell,tissue_inflammation_crohns,0.0,1e-08,-1.96e-08,1.96e-08,1.0,11,11,0.0,0.0,0.0,,,1,1.0
GSE134809,GPRC5D,B_cell,tissue_inflammation_crohns,0.22659307528709832,0.2265930752870983,-0.21752935227561432,0.670715502849811,0.34089313230205975,11,11,0.0,0.0007451564828614009,0.09090909090909091,,,1,0.6251776312929681
GSE134809,GPRC5D,Endothelial,tissue_inflammation_crohns,0.0,1e-08,-1.96e-08,1.96e-08,1.0,10,10,0.0,0.0,0.0,,,1,1.0
GSE134809,GPRC5D,Mast_cell,tissue_inflammation_crohns,0.0,1e-08,-1.96e-08,1.96e-08,1.0,11,11,0.0,0.0,0.0,,,1,1.0
GSE134809,GPRC5D,Myeloid,tissue_inflammation_crohns,0.0,1e-08,-1.96e-08,1.96e-08,1.0,11,11,0.0,0.0,0.0,,,1,1.0
GSE134809,GPRC5D,NK_cell,tissue_inflammation_crohns,0.0,1e-08,-1.96e-08,1.96e-08,1.0,11,11,0.0,0.0,0.0,,,1,1.0
GSE134809,GPRC5D,Plasma_cell,tissue_inflammation_crohns,-1.173626749814508,0.3099177756766221,-1.7810655901406873,-0.5661879094883288,0.0035614523898899594,11,11,0.01864393671219646,0.007467589188400122,0.09090909090909091,,,1,0.09718586705040053
GSE134809,GPRC5D,Stromal,tissue_inflammation_crohns,0.0,1e-08,-1.96e-08,1.96e-08,1.0,11,11,0.0,0.0,0.0,,,1,1.0
GSE134809,GPRC5D,T_cell,tissue_inflammation_crohns,0.05260331079274998,0.05260331079274998,-0.05049917836103998,0.15570579994653994,0.34089313230205975,11,11,0.0,7.884569896712135e-05,0.09090909090909091,,,1,0.6251776312929681
GSE134809,HAVCR2,B_cell,tissue_inflammation_crohns,-0.4820861522160201,0.5382984135551664,-1.5371510427841462,0.5729787383521061,0.39152797336850226,11,11,0.008890381819009769,0.005249249297046372,0.36363636363636365,,,1,0.6649565937672153
GSE134809,HAVCR2,Endothelial,tissue_inflammation_crohns,-0.028176284300865363,0.7200507470161459,-1.4394757484525111,1.3831231798507806,0.969640243780425,10,10,0.006404338039697155,0.0072226019594440645,0.3,,,1,1.0
GSE134809,HAVCR2,Mast_cell,tissue_inflammation_crohns,1.5239327251447001,1.1760867075415427,-0.7811972216367233,3.8290626719261236,0.2241655163544699,11,11,0.02055287717052423,0.09336650581227848,0.5454545454545454,,,1,0.5408437854901496
GSE134809,HAVCR2,Myeloid,tissue_inflammation_crohns,-0.4086177866133527,0.23392126213481843,-0.8671034603975968,0.04986788717089141,0.11125205974802362,11,11,0.20058188558992318,0.20325568092112675,0.36363636363636365,,,1,0.4001044789267159
GSE134809,HAVCR2,NK_cell,tissue_inflammation_crohns,1.2725506490387426,0.5756289057074557,0.1443179938521293,2.4007833042253557,0.051498399744604705,11,11,0.05080509980047994,0.1043536744216349,0.6363636363636364,,,1,0.26992264693723844
GSE134809,HAVCR2,Plasma_cell,tissue_inflammation_crohns,0.3725071092222569,0.1728778465626588,0.033666529959445635,0.7113476884850681,0.056609737832883755,11,11,0.009370586591681374,0.013674144665875925,0.6363636363636364,,,1,0.2818304356117781
GSE134809,HAVCR2,Stromal,tissue_inflammation_crohns,-0.4286997976675364,0.5028138002897976,-1.4142148462355397,0.5568152509004669,0.4138343197121227,11,11,0.003801381318159842,0.0031400289489657753,0.18181818181818182,,,1,0.6874624764616684
GSE134809,HAVCR2,T_cell,tissue_inflammation_crohns,1.1873893853948578,0.4408971871658385,0.32323089854981446,2.051547872239901,0.022578419079863833,11,11,0.015593921537494542,0.03523217185018477,1.0,,,1,0.18643177898987398
GSE134809,HLA-DRA,B_cell,tissue_inflammation_crohns,0.36201189796766803,0.2853872055090736,-0.19734702483011618,0.9213708207654523,0.23335503718767844,11,11,0.7932857205316175,0.8849510709660747,0.5454545454545454,,,1,0.549721852865061
GSE134809,HLA-DRA,Endothelial,tissue_inflammation_crohns,-0.3424259870375078,0.20835306810381324,-0.7507980005209818,0.06594602644596614,0.13469505868407805,10,10,0.8681900046042212,0.7734993850373745,0.3,,,1,0.4203683820184942
GSE134809,HLA-DRA,Mast_cell,tissue_inflammation_crohns,-0.5420726487271301,1.2557057345141338,-3.0032558883748326,1.9191105909205721,0.675127411078578,11,11,0.2010983341865695,0.24460595961126186,0.5454545454545454,,,1,0.9041353875237343
GSE134809,HLA-DRA,Myeloid,tissue_inflammation_crohns,0.021280567182831334,0.1384293692704161,-0.2500409965871842,0.2926021309528469,0.8808816988588122,11,11,0.7324495361930453,0.8700087564291522,0.6363636363636364,,,1,1.0
GSE134809,HLA-DRA,NK_cell,tissue_inflammation_crohns,0.9240158126571294,0.4879585931978309,-0.03238303001061915,1.880414655324878,0.08753605378912548,11,11,0.13445768316933585,0.2485206125263824,0.7272727272727273,,,1,0.3501442151565019
GSE134809,HLA-DRA,Plasma_cell,tissue_inflammation_crohns,0.5406120849427941,0.3825222719772723,-0.20913156813265954,1.2903557380182478,0.18793580925013575,11,11,0.23298971200836538,0.3419932206626022,0.7272727272727273,,,1,0.500450667007856
GSE134809,HLA-DRA,Stromal,tissue_inflammation_crohns,-0.050187277478089515,0.6270094362701591,-1.2791257725676015,1.1787512176114223,0.9377828131476342,11,11,0.20344503269795658,0.26511874504481725,0.36363636363636365,,,1,1.0
GSE134809,HLA-DRA,T_cell,tissue_inflammation_crohns,1.284816141878567,0.47348861249599045,0.35677846138642577,2.2128538223707084,0.021801852451709267,11,11,0.0954552269582977,0.17404176703012914,0.7272727272727273,,,1,0.18643177898987398
GSE134809,ICAM1,B_cell,tissue_inflammation_crohns,0.5311888090897281,0.47231190706727116,-0.39454252876212337,1.4569201469415796,0.287004832583142,11,11,0.019318384453399052,0.019042837093195528,0.5454545454545454,,,1,0.6232104936091084
GSE134809,ICAM1,Endothelial,tissue_inflammation_crohns,0.13366802690901877,0.28088878964352126,-0.4168740007922829,0.6842100546103205,0.6455020997092634,10,10,0.2657530471242751,0.3378088592446843,0.6,,,1,0.8960394443452789
GSE134809,ICAM1,Mast_cell,tissue_inflammation_crohns,2.073418745170851,1.0675612548637305,-0.01900131436206065,4.165838804703762,0.08078583334601595,11,11,0.08988275900040606,0.16306329466456718,0.6363636363636364,,,1,0.33430405169292804
GSE134809,ICAM1,Myeloid,tissue_inflammation_crohns,1.2045680699681893,0.2665760496336493,0.6820790126862367,1.7270571272501418,0.0011106304513804114,11,11,0.156790074508864,0.29015742880220086,0.9090909090909091,,,1,0.05627194286994084
GSE134809,ICAM1,NK_cell,tissue_inflammation_crohns,0.9520612939091109,0.5512055236802021,-0.12830153250408527,2.032424120322307,0.11482588339264317,11,11,0.05616337820503559,0.0651165582306482,0.7272727272727273,,,1,0.4001044789267159
GSE134809,ICAM1,Plasma_cell,tissue_inflammation_crohns,0.35081179962426506,0.2733476948984897,-0.18494968237677473,0.8865732816253049,0.22829787495480025,11,11,0.04350065565107474,0.062473947623116886,0.6363636363636364,,,1,0.5422074530176506
GSE134809,ICAM1,Stromal,tissue_inflammation_crohns,1.7654116293013637,1.2548522355836784,-0.6940987524426458,4.224922011045374,0.18977698257970374,11,11,0.04245215440055401,0.18388425739779304,0.6363636363636364,,,1,0.500450667007856
GSE134809,ICAM1,T_cell,tissue_inflammation_crohns,0.728651015143411,0.3238658218355566,0.09387400434572002,1.363428025941102,0.048191541480353116,11,11,0.012871994568465413,0.022287610182525175,0.7272727272727273,,,1,0.2593791001005511
GSE134809,ICOS,B_cell,tissue_inflammation_crohns,-0.2795231351030939,0.8282981494148198,-1.9029875079561407,1.343941237749953,0.742741546180827,11,11,0.027085305163124282,0.025067362718759974,0.45454545454545453,,,1,0.9567518221990313
GSE134809,ICOS,Endothelial,tissue_inflammation_crohns,-0.636279642108965,0.9081318465916879,-2.4162180614286735,1.1436587772107432,0.5012340696887183,10,10,0.013444436053675684,0.007209274743521318,0.2,,,1,0.7814110624890788
GSE134809,ICOS,Mast_cell,tissue_inflammation_crohns,-0.27521177738826047,0.9231467946152684,-2.0845794948341863,1.5341559400576654,0.7717111195321151,11,11,0.03240352652117358,0.027344877344877342,0.18181818181818182,,,1,0.9694222328006735
GSE134809,ICOS,Myeloid,tissue_inflammation_crohns,-1.133457396243398,0.6278531125919522,-2.3640494969236245,0.09713470443682826,0.10117622430539566,11,11,0.07501428828547056,0.038657957914111384,0.2727272727272727,,,1,0.38933635682076306
GSE134809,ICOS,NK_cell,tissue_inflammation_crohns,-0.47756699122642865,0.2263618850470241,-0.9212362859185959,-0.033897696534261446,0.06106784589818418,11,11,0.0675809974513465,0.060492763303440555,0.2727272727272727,,,1,0.29007226801637487
GSE134809,ICOS,Plasma_cell,tissue_inflammation_crohns,-0.6789637165780001,0.41893489599160605,-1.500076112721548,0.14214867956554766,0.1361514495347596,11,11,0.056749297476605016,0.039136092117444114,0.18181818181818182,,,1,0.4203683820184942
GSE134809,ICOS,Stromal,tissue_inflammation_crohns,-0.3954301768115615,0.8673185014840837,-2.0953744397203655,1.3045140860972426,0.6581861370514445,11,11,0.012371094433327501,0.009513804627174195,0.36363636363636365,,,1,0.8978595280571552
GSE134809,ICOS,T_cell,tissue_inflammation_crohns,-0.4010432111316982,0.11908911931878444,-0.6344578849965157,-0.16762853726688073,0.007150381455572173,11,11,0.1974443205293797,0.1712990664686249,0.09090909090909091,,,1,0.12056589278904098
GSE134809,IDO1,B_cell,tissue_inflammation_crohns,0.8334176240095693,0.5339575866054194,-0.21313924573705256,1.8799744937561913,0.14962536161050555,11,11,0.002473068340231609,0.0061370065165192245,0.5454545454545454,,,1,0.45035752405538304
GSE134809,IDO1,Endothelial,tissue_inflammation_crohns,-1.829675141582739,0.9212537955049392,-3.63533258077242,-0.024017702393058116,0.07829056206464083,10,10,0.08654641319989724,0.03660692905826288,0.1,,,1,0.33056015093959457
GSE134809,IDO1,Mast_cell,tissue_inflammation_crohns,-0.03263590559613195,0.8880908846522271,-1.7732940395144972,1.708022228322233,0.9714088692478204,11,11,0.004545454545454546,0.005194805194805195,0.09090909090909091,,,1,1.0
GSE134809,IDO1,Myeloid,tissue_inflammation_crohns,1.2254711081191654,0.538294850450202,0.17041320123676962,2.2805290150015614,0.04605271176099263,11,11,0.08309754428549411,0.23303708674798748,0.7272727272727273,,,1,0.25454589773348657
GSE134809,IDO1,NK_cell,tissue_inflammation_crohns,0.8830117286863188,0.8004678758213793,-0.6859053079235846,2.4519287652962225,0.2958137456398696,11,11,0.0009638891282649078,0.007603663642099454,0.36363636363636365,,,1,0.6251776312929681
GSE134809,IDO1,Plasma_cell,tissue_inflammation_crohns,1.117829283114846,0.4419899227955554,0.2515290344355574,1.9841295317941345,0.0299178842463593,11,11,0.0046641998817403794,0.014576577438775289,0.5454545454545454,,,1,0.20670538206575514
GSE134809,IDO1,Stromal,tissue_inflammation_crohns,-0.30408174283591777,0.4556618246697054,-1.1971789191885402,0.5890154335167048,0.5196564669929415,11,11,0.09199250791445265,0.0985654573130854,0.36363636363636365,,,1,0.7938470651550463
GSE134809,IDO1,T_cell,tissue_inflammation_crohns,1.491900509093896,0.643897438835798,0.22986152897573198,2.75393948921206,0.04299299677601086,11,11,0.0007858415964272624,0.007025777778750469,0.5454545454545454,,,1,0.25033449808474556
GSE134809,IL2RA,B_cell,tissue_inflammation_crohns,0.5074157044201044,0.8596690686636467,-1.177535670160643,2.192367079000852,0.568123848397098,11,11,0.017877734082853487,0.03590254780662713,0.5454545454545454,,,1,0.8424860971352086
GSE134809,IL2RA,Endothelial,tissue_inflammation_crohns,0.8879445954362326,0.5281677628281515,-0.14726421970694425,1.9231534105794095,0.1270263257654502,10,10,0.002022016029798131,0.008150676917800205,0.4,,,1,0.41522583906125654
GSE134809,IL2RA,Mast_cell,tissue_inflammation_crohns,1.1594515572786002,1.0211867571219853,-0.842074486680491,3.1609776012376916,0.2826894016907766,11,11,0.022727272727272728,0.04522241043980175,0.36363636363636365,,,1,0.6191465016186859
GSE134809,IL2RA,Myeloid,tissue_inflammation_crohns,0.44723225089291074,0.2903318383590122,-0.12181815229075321,1.0162826540765746,0.15448223708271844,11,11,0.06257982709899355,0.08108110696423139,0.6363636363636364,,,1,0.4604176477759451
GSE134809,IL2RA,NK_cell,tissue_inflammation_crohns,1.2039960277012653,0.5743773619209359,0.07821639833623095,2.3297756570662997,0.06247746597016819,11,11,0.03265985041648322,0.05740632517966205,0.8181818181818182,,,1,0.2922023023835559
GSE134809,IL2RA,Plasma_cell,tissue_inflammation_crohns,0.5646697471706884,0.3379418571090971,-0.09769629276314185,1.2270357871045188,0.12569270380878997,11,11,0.0183152460700642,0.025806354472897045,0.5454545454545454,,,1,0.41522583906125654
GSE134809,IL2RA,Stromal,tissue_inflammation_crohns,0.6889638437036321,0.7993913027253369,-0.8778431096380281,2.255770797045292,0.40895576442628334,11,11,0.005142880981807156,0.01024614226825774,0.5454545454545454,,,1,0.6830909471735722
GSE134809,IL2RA,T_cell,tissue_inflammation_crohns,1.0818483335950992,0.2923861960357425,0.508771389365044,1.6549252778251544,0.004108047042477152,11,11,0.05961202470524245,0.09356614216903852,0.9090909090909091,,,1,0.09718586705040053
GSE134809,LAG3,B_cell,tissue_inflammation_crohns,-0.3225115661843281,0.8998479288166105,-2.0862135066648846,1.4411903742962284,0.7274895886055776,11,11,0.018451062588871567,0.012539614821002059,0.2727272727272727,,,1,0.9451146792140837
GSE134809,LAG3,Endothelial,tissue_inflammation_crohns,0.810179576083654,0.6366728406366653,-0.43769919156421,2.058058343731518,0.23507842392255898,10,10,0.012247263400281462,0.014511644343671219,0.5,,,1,0.549721852865061
GSE134809,LAG3,Mast_cell,tissue_inflammation_crohns,-0.39437364588810353,0.3943736458881035,-1.1673459918287863,0.37859870005257923,0.34089313230205975,11,11,0.002457002457002457,0.0,0.0,,,1,0.6251776312929681
GSE134809,LAG3,Myeloid,tissue_inflammation_crohns,0.8449566319755643,0.3943083806561709,0.07211220588946932,1.617801058061659,0.057753586211914405,11,11,0.024861465584231947,0.04049451170520545,0.6363636363636364,,,1,0.2818304356117781
GSE134809,LAG3,NK_cell,tissue_inflammation_crohns,0.519423373788349,0.31201314920571566,-0.09212239865485361,1.1309691462315516,0.12693558239389546,11,11,0.11235607460760119,0.14587519090340784,0.6363636363636364,,,1,0.41522583906125654
GSE134809,LAG3,Plasma_cell,tissue_inflammation_crohns,0.7475673781474913,0.3499482324574817,0.06166884253082716,1.4334659137641554,0.0584056494853356,11,11,0.027105371864238503,0.034749944908911666,0.6363636363636364,,,1,0.2818304356117781
GSE134809,LAG3,Stromal,tissue_inflammation_crohns,0.15681573589163386,0.8115600095716821,-1.433841882868863,1.7474733546521306,0.8506489685588676,11,11,0.015090676690823396,0.020715677922313148,0.45454545454545453,,,1,0.9946049478534451
GSE134809,LAG3,T_cell,tissue_inflammation_crohns,0.31976314423477653,0.2818842669613836,-0.23273001900953533,0.8722563074790883,0.2830965912006491,11,11,0.07825444965842769,0.0871042391584356,0.6363636363636364,,,1,0.6191465016186859
GSE134809,MICA,B_cell,tissue_inflammation_crohns,-0.17368999387136566,0.6843008864379834,-1.514919731289813,1.1675397435470818,0.8047762545393523,11,11,0.010557565028462916,0.008567161364275426,0.36363636363636365,,,1,0.9747090891631996
GSE134809,MICA,Endothelial,tissue_inflammation_crohns,-0.15942861781229337,0.5683104018275247,-1.2733170053942418,0.954459769769655,0.7854120756179451,10,10,0.08704472255057556,0.0707585079658589,0.4,,,1,0.9747090891631996
GSE134809,MICA,Mast_cell,tissue_inflammation_crohns,-0.4958989361882225,0.9137147356412977,-2.286779818045166,1.294981945668721,0.5992034335674191,11,11,0.010227272727272727,0.0101010101010101,0.09090909090909091,,,1,0.863307316608983
GSE134809,MICA,Myeloid,tissue_inflammation_crohns,0.5272679473334558,0.19507708748238525,0.14491685586798075,0.9096190387989309,0.022203719021277133,11,11,0.013781201828411978,0.023499005194226916,0.7272727272727273,,,1,0.18643177898987398
GSE134809,MICA,NK_cell,tissue_inflammation_crohns,-0.07387810428791154,0.5848046838231645,-1.220095284581314,1.072339076005491,0.9019749892044849,11,11,0.01136851483138137,0.016104941169539103,0.5454545454545454,,,1,1.0
GSE134809,MICA,Plasma_cell,tissue_inflammation_crohns,0.07609203043574925,0.21656098075132302,-0.34836749183684385,0.5005515527083424,0.732604774340687,11,11,0.012573323379595401,0.014040311380357497,0.5454545454545454,,,1,0.9477100059556122
GSE134809,MICA,Stromal,tissue_inflammation_crohns,1.0955352601562796,0.6347289816081859,-0.1485335437957649,2.339604064108324,0.11505669899151216,11,11,0.027268415993899467,0.058496501359408246,0.6363636363636364,,,1,0.4001044789267159
GSE134809,MICA,T_cell,tissue_inflammation_crohns,-0.04369389240938695,0.18325783049805452,-0.40287924018557386,0.3154914553667999,0.816363532462107,11,11,0.015239975430764859,0.016869051813276168,0.5454545454545454,,,1,0.9794135937602253
GSE134809,MICB,B_cell,tissue_inflammation_crohns,-0.12579844121024386,0.455602017524737,-1.0187783955587284,0.7671815131382407,0.7880821988787495,11,11,0.010608120836532219,0.010242513140847896,0.45454545454545453,,,1,0.9747090891631996
GSE134809,MICB,Endothelial,tissue_inflammation_crohns,0.43931501306103427,0.4482598394969234,-0.4392742723529356,1.3179042984750042,0.35267215239463884,10,10,0.005461401973998887,0.008452414061642611,0.4,,,1,0.6324036146894895
GSE134809,MICB,Mast_cell,tissue_inflammation_crohns,0.5189642486248579,0.5189642486248579,-0.49820567867986354,1.5361341759295795,0.34089313230206,11,11,0.0,0.007575757575757575,0.09090909090909091,,,1,0.6251776312929681
GSE134809,MICB,Myeloid,tissue_inflammation_crohns,0.3860112728269937,0.28527142495041197,-0.17312072007581375,0.9451432657298011,0.20580897099103443,11,11,0.01096481630062003,0.019698890733664806,0.6363636363636364,,,1,0.5150730198630106
GSE134809,MICB,NK_cell,tissue_inflammation_crohns,1.3028732667307523,0.5417481094272453,0.2410469722533517,2.3646995612081527,0.0370017934507517,11,11,0.01145143379577408,0.024216827022549233,0.8181818181818182,,,1,0.2393307491282663
GSE134809,MICB,Plasma_cell,tissue_inflammation_crohns,0.08732902031805721,0.1979236996837747,-0.3006014310621412,0.47525947169825566,0.6684365094033116,11,11,0.009488068119226688,0.011110749888147834,0.36363636363636365,,,1,0.9041353875237343
GSE134809,MICB,Stromal,tissue_inflammation_crohns,0.9045918604552315,0.6224570062850084,-0.31542387186338494,2.124607592773848,0.1768012689291145,11,11,0.002973078250206672,0.01183935393813092,0.5454545454545454,,,1,0.49566681476390917
GSE134809,MICB,T_cell,tissue_inflammation_crohns,0.5365109351391467,0.3730958926068131,-0.19475701437020687,1.2677788846485003,0.18098360670655894,11,11,0.013909316550033619,0.019633483788546683,0.7272727272727273,,,1,0.49566681476390917
GSE134809,MS4A1,B_cell,tissue_inflammation_crohns,0.9414481521985163,0.7563552328021981,-0.541008104093792,2.4239044084908246,0.24161656386088343,11,11,0.5538317426786451,0.6149841848642645,0.7272727272727273,,,1,0.5524176233052701
GSE134809,MS4A1,Endothelial,tissue_inflammation_crohns,1.5995571941423568,0.5608466753054818,0.5002977105436124,2.6988166777411013,0.019025771971522235,10,10,0.0025990498097469743,0.020655438535755768,0.5,,,1,0.18643177898987398
GSE134809,MS4A1,Mast_cell,tissue_inflammation_crohns,1.0891086821525233,0.7663873139698031,-0.4130104532282908,2.5912278175333374,0.18571416150670783,11,11,0.007371007371007371,0.024443189660580966,0.18181818181818182,,,1,0.500450667007856
GSE134809,MS4A1,Myeloid,tissue_inflammation_crohns,0.7982012209146178,0.5384239265240612,-0.25710967507254223,1.8535121169017779,0.16902668568285478,11,11,0.020362145049994364,0.03490115631378789,0.7272727272727273,,,1,0.490250770903804
GSE134809,MS4A1,NK_cell,tissue_inflammation_crohns,0.6665118432448872,0.8944308409495165,-1.086572605016165,2.4195962915059397,0.47331337357223413,11,11,0.008217508882435082,0.02117568206483246,0.5454545454545454,,,1,0.7494128414893707
GSE134809,MS4A1,Plasma_cell,tissue_inflammation_crohns,0.5386821586875113,0.6509882898021561,-0.7372548893247145,1.8146192066997373,0.42726830749741573,11,11,0.046887055114335045,0.07838284768768061,0.5454545454545454,,,1,0.7021057593471047
GSE134809,MS4A1,Stromal,tissue_inflammation_crohns,0.22494855354453114,0.8300359752950591,-1.4019219580337845,1.851819065122847,0.791894741035461,11,11,0.005793490161527675,0.01835393586141343,0.36363636363636365,,,1,0.9747090891631996
GSE134809,MS4A1,T_cell,tissue_inflammation_crohns,0.2426554239214804,0.3685316499937342,-0.4796666100662387,0.9649774579091995,0.5251251605799022,11,11,0.006845171613551676,0.01086135987409152,0.45454545454545453,,,1,0.7981902440814514
GSE134809,PDCD1,B_cell,tissue_inflammation_crohns,0.2195630183243617,0.46239537736905506,-0.6867319213189862,1.1258579579677097,0.6451023030213925,11,11,0.00796727219441465,0.006080205902878846,0.36363636363636365,,,1,0.8960394443452789
GSE134809,PDCD1,Endothelial,tissue_inflammation_crohns,0.14318767638010493,0.551915078247087,-0.9385658769841854,1.2249412297443953,0.8011343420663318,10,10,0.004389105058365759,0.0031047101259867216,0.3,,,1,0.9747090891631996
GSE134809,PDCD1,Mast_cell,tissue_inflammation_crohns,0.6156585530543294,0.6156585530543295,-0.5910322109321563,1.822349317040815,0.34089313230206003,11,11,0.0,0.012987012987012986,0.09090909090909091,,,1,0.6251776312929681
GSE134809,PDCD1,Myeloid,tissue_inflammation_crohns,0.21556775527715563,0.43468960835508796,-0.6364238770988168,1.067559387653128,0.630674052813587,11,11,0.006342895610584453,0.008036736157663206,0.45454545454545453,,,1,0.8876153335894928
GSE134809,PDCD1,NK_cell,tissue_inflammation_crohns,-0.12696486640907512,0.5816604064870583,-1.2670192631237094,1.013089530305559,0.831600960160493,11,11,0.01812085715275996,0.02021103814165066,0.36363636363636365,,,1,0.9875261401905855
GSE134809,PDCD1,Plasma_cell,tissue_inflammation_crohns,-0.13295638043751293,0.31837079802857116,-0.7569631445735123,0.4910503836984865,0.6850537085135423,11,11,0.009630617079047112,0.009436970779679229,0.45454545454545453,,,1,0.9054622929918125
GSE134809,PDCD1,Stromal,tissue_inflammation_crohns,-0.1304821079793213,0.4111865070450277,-0.9364076617875756,0.6754434458289329,0.7575190689762283,11,11,0.00202020202020202,0.0015507091778278219,0.18181818181818182,,,1,0.9648097557799721
GSE134809,PDCD1,T_cell,tissue_inflammation_crohns,0.19248105693123357,0.1965073200081903,-0.1926732902848194,0.5776354041472865,0.3504297840033121,11,11,0.029977466293371058,0.04166965177555695,0.5454545454545454,,,1,0.6324036146894895
GSE134809,PDCD1LG2,B_cell,tissue_inflammation_crohns,0.19401195568097684,0.1378311743976703,-0.0761371461384569,0.4641610575004106,0.1895644813769816,11,11,0.0,0.0002906745844128827,0.18181818181818182,,,1,0.500450667007856
GSE134809,PDCD1LG2,Endothelial,tissue_inflammation_crohns,-0.4834540610599426,0.5391144921663413,-1.5401184657059717,0.5732103435860864,0.3932040884915247,10,10,0.011000856287138722,0.006347150903747875,0.2,,,1,0.6649565937672153
GSE134809,PDCD1LG2,Mast_cell,tissue_inflammation_crohns,-0.40310938663499657,0.8667736315184803,-2.101985704411218,1.2957669311412248,0.6518443102505056,11,11,0.007944996180290298,0.007575757575757575,0.09090909090909091,,,1,0.8978595280571552
GSE134809,PDCD1LG2,Myeloid,tissue_inflammation_crohns,1.7538061645762613,0.5412613127979392,0.6929339914923005,2.8146783376602222,0.008866100180779808,11,11,0.006166818416458667,0.029783565507564506,0.8181818181818182,,,1,0.12877703705534058
GSE134809,PDCD1LG2,NK_cell,tissue_inflammation_crohns,0.39533195335535465,0.423573678002112,-0.43487245552878484,1.2255363622394941,0.372639318576511,11,11,0.00026896180742334586,0.0023214783173925156,0.18181818181818182,,,1,0.6544940943961735
GSE134809,PDCD1LG2,Plasma_cell,tissue_inflammation_crohns,0.10876605548355615,0.17585459239999132,-0.2359089456204268,0.45344105658753914,0.5500733925598622,11,11,0.0019145469675768809,0.0024861215849676477,0.45454545454545453,,,1,0.8278332244465252
GSE134809,PDCD1LG2,Stromal,tissue_inflammation_crohns,1.2223626246129315,0.8749230193516664,-0.49248649331633465,2.937211742542198,0.19260765802604984,11,11,0.005516705516705517,0.03265194718795792,0.45454545454545453,,,1,0.500450667007856
GSE134809,PDCD1LG2,T_cell,tissue_inflammation_crohns,0.5072136082156328,0.2558811654852757,0.005686523864492421,1.0087406925667732,0.07559258411943055,11,11,0.0007563786064314869,0.001884241959707514,0.6363636363636364,,,1,0.3259152632980737
GSE134809,SIGLEC1,B_cell,tissue_inflammation_crohns,-0.251183995683907,0.251183995683907,-0.7435046272243646,0.2411366358565507,0.34089313230206,11,11,0.0010330578512396695,0.0,0.0,,,1,0.6251776312929681
GSE134809,SIGLEC1,Endothelial,tissue_inflammation_crohns,0.0,1e-08,-1.96e-08,1.96e-08,1.0,10,10,0.0,0.0,0.0,,,1,1.0
GSE134809,SIGLEC1,Mast_cell,tissue_inflammation_crohns,0.0,1e-08,-1.96e-08,1.96e-08,1.0,11,11,0.0,0.0,0.0,,,1,1.0
GSE134809,SIGLEC1,Myeloid,tissue_inflammation_crohns,-0.4062599797002671,0.5504252254479131,-1.4850934215781766,0.6725734621776425,0.4774269580626472,11,11,0.05075282751715257,0.046505557069356156,0.2727272727272727,,,1,0.7520093018188846
GSE134809,SIGLEC1,NK_cell,tissue_inflammation_crohns,-0.07119886293602495,0.27305318806804013,-0.6063831115493836,0.4639853856773337,0.7995755602009953,11,11,0.00023132084200786494,0.000445632798573975,0.09090909090909091,,,1,0.9747090891631996
GSE134809,SIGLEC1,Plasma_cell,tissue_inflammation_crohns,-0.038663600212751094,0.09745819774892184,-0.2296816678006379,0.15235446737513572,0.6999083398099735,11,11,0.0005130131757803912,0.0006379508115259545,0.2727272727272727,,,1,0.9210914948148569
GSE134809,SIGLEC1,Stromal,tissue_inflammation_crohns,-0.09293085455868008,0.09293085455868007,-0.275075329493693,0.08921362037633285,0.34089313230206,11,11,0.00020337604230221678,0.0,0.0,,,1,0.6251776312929681
GSE134809,SIGLEC1,T_cell,tissue_inflammation_crohns,-0.21209639607618722,0.07864145366089785,-0.366233645251547,-0.05795914690082743,0.022428375845468473,11,11,0.0004975771364577557,6.779201410073893e-05,0.0,,,1,0.18643177898987398
GSE134809,TIGIT,B_cell,tissue_inflammation_crohns,0.8668616902301571,0.5149830403090015,-0.14250506877548585,1.8762284492358001,0.12322892129315448,11,11,0.0151538745180674,0.017066210073703073,0.6363636363636364,,,1,0.41522583906125654
GSE134809,TIGIT,Endothelial,tissue_inflammation_crohns,-0.7322922747748566,0.6238331897365685,-1.955005326658531,0.4904207771088178,0.27057796683146734,10,10,0.009008620229494571,0.0037359900373599,0.1,,,1,0.6048213376232799
GSE134809,TIGIT,Mast_cell,tissue_inflammation_crohns,-1.7024030677420783,0.8785227172336916,-3.4243075935201137,0.019501458035957153,0.08137664416209434,11,11,0.029363773481420538,0.0025974025974025974,0.0,,,1,0.33430405169292804
GSE134809,TIGIT,Myeloid,tissue_inflammation_crohns,-0.006461511064217259,0.5387833689740201,-1.0624769142532966,1.0495538921248622,0.9906672626549884,11,11,0.011750226324475215,0.012635708130045399,0.5454545454545454,,,1,1.0
GSE134809,TIGIT,NK_cell,tissue_inflammation_crohns,-0.8307505687856324,0.502252597845224,-1.8151656605622715,0.15366452299100675,0.12912065943602002,11,11,0.09711128579393682,0.08609960877967424,0.2727272727272727,,,1,0.41758170711223497
GSE134809,TIGIT,Plasma_cell,tissue_inflammation_crohns,0.3326764130018065,0.24566659464881188,-0.14883011250986478,0.8141829385134778,0.2054876658705813,11,11,0.023060834913949647,0.030232900853002384,0.7272727272727273,,,1,0.5150730198630106
GSE134809,TIGIT,Stromal,tissue_inflammation_crohns,-0.0881803975415718,0.6205594587194403,-1.3044769366316749,1.1281161415485312,0.8898245350591759,11,11,0.006098740466777979,0.004710650840443281,0.2727272727272727,,,1,1.0
GSE134809,TIGIT,T_cell,tissue_inflammation_crohns,0.5881687972989904,0.2243925316932381,0.1483594351802437,1.027978159417737,0.025546797119973194,11,11,0.09027718328432886,0.13620423340513474,0.9090909090909091,,,1,0.19165163411614577
GSE134809,TNFRSF12A,B_cell,tissue_inflammation_crohns,0.3183989912890459,0.42405077579913564,-0.5127405292772599,1.1495385118553516,0.47004196884389454,11,11,0.0024598118607071064,0.00304812240588941,0.45454545454545453,,,1,0.7494128414893707
GSE134809,TNFRSF12A,Endothelial,tissue_inflammation_crohns,1.3156376117889088,1.0043495268782225,-0.6528874608924073,3.2841626844702247,0.22266309517852179,10,10,0.011384496460406722,0.03968402904143597,0.6,,,1,0.5408437854901496
GSE134809,TNFRSF12A,Mast_cell,tissue_inflammation_crohns,-0.8932289457087699,0.6041854897778218,-2.0774325056733005,0.290974614255761,0.1700930786964799,11,11,0.00945000945000945,0.0,0.0,,,1,0.490250770903804
GSE134809,TNFRSF12A,Myeloid,tissue_inflammation_crohns,0.834152042524194,0.4217030073928082,0.007614148034289947,1.660689937014098,0.07611836741501063,11,11,0.007868199927206327,0.015822798809367388,0.8181818181818182,,,1,0.3259152632980737
GSE134809,TNFRSF12A,NK_cell,tissue_inflammation_crohns,0.8236847375148731,0.7559471108850053,-0.6579715998197372,2.3053410748494834,0.30144664598943816,11,11,0.00633642295636338,0.007409448987045124,0.5454545454545454,,,1,0.6251776312929681
GSE134809,TNFRSF12A,Plasma_cell,tissue_inflammation_crohns,0.4731971185258189,0.26937361605015486,-0.054775168932484575,1.0011694059841223,0.10949484390473244,11,11,0.006776659563141916,0.01355924126846143,0.6363636363636364,,,1,0.4001044789267159
GSE134809,TNFRSF12A,Stromal,tissue_inflammation_crohns,1.898087108375651,1.3187424806206565,-0.6866481536408355,4.482822370392137,0.18061897425922793,11,11,0.038421832775748226,0.2057616087338065,0.6363636363636364,,,1,0.49566681476390917
GSE134809,TNFRSF12A,T_cell,tissue_inflammation_crohns,1.0190981828978654,0.3584303029560473,0.3165747891040127,1.721621576691718,0.017451612592577805,11,11,0.0018581658762022607,0.006943619744398729,0.8181818181818182,,,1,0.18294104234978112
GSE134809,TNFRSF17,B_cell,tissue_inflammation_crohns,-0.1353263101674133,0.4914745512109026,-1.0986164305407824,0.8279638102059559,0.7886548982002902,11,11,0.02719752793311195,0.025841423136372166,0.36363636363636365,,,1,0.9747090891631996
GSE134809,TNFRSF17,Endothelial,tissue_inflammation_crohns,-0.4436766163845028,0.5925406736286979,-1.6050563366967505,0.7177031039277451,0.4731097989173232,10,10,0.011080350860620945,0.00746183640920483,0.2,,,1,0.7494128414893707
GSE134809,TNFRSF17,Mast_cell,tissue_inflammation_crohns,-0.610136959835242,1.058786867573323,-2.685359220278955,1.465085300608471,0.5771781436720919,11,11,0.00945000945000945,0.018181818181818184,0.09090909090909091,,,1,0.8445191001065514
GSE134809,TNFRSF17,Myeloid,tissue_inflammation_crohns,0.5268302322350137,0.5224674046717898,-0.49720588092169427,1.5508663453917215,0.3370619436654061,11,11,0.00924215308020011,0.013868329566022212,0.45454545454545453,,,1,0.6251776312929681
GSE134809,TNFRSF17,NK_cell,tissue_inflammation_crohns,-0.10443904804715037,0.44286109020681297,-0.9724467848525038,0.7635686887582029,0.8183258316286093,11,11,0.003522121239915248,0.002619258315044413,0.36363636363636365,,,1,0.9794135937602253
GSE134809,TNFRSF17,Plasma_cell,tissue_inflammation_crohns,-0.6234283202482241,0.23924850340930373,-1.0923553869304594,-0.15450125356598882,0.026230173441651905,11,11,0.4256772825553137,0.3597800092666019,0.18181818181818182,,,1,0.19165163411614577
GSE134809,TNFRSF17,Stromal,tissue_inflammation_crohns,0.01806337712286502,0.6530857566932481,-1.261984705995901,1.2981114602416313,0.9784787042054343,11,11,0.005611226025153399,0.008124432354761894,0.36363636363636365,,,1,1.0
GSE134809,TNFRSF17,T_cell,tissue_inflammation_crohns,0.05464027687451801,0.47521007267697085,-0.8767714655723449,0.9860520193213809,0.9107359405656059,11,11,0.003791573177741475,0.0051832873154927985,0.45454545454545453,,,1,1.0
GSE134809,TNFRSF18,B_cell,tissue_inflammation_crohns,0.0030996962216101247,0.5690520783095612,-1.1122423772651298,1.11844176970835,0.9957609812083728,11,11,0.014298157913018174,0.014402335327644148,0.36363636363636365,,,1,1.0
GSE134809,TNFRSF18,Endothelial,tissue_inflammation_crohns,0.4072779300808059,0.9379801525075978,-1.4311631688340856,2.2457190289956976,0.6743612875176579,10,10,0.015378670357937899,0.021195179782057937,0.7,,,1,0.9041353875237343
GSE134809,TNFRSF18,Mast_cell,tissue_inflammation_crohns,-0.8464541204973366,1.5394802449337983,-3.8638354005675812,2.170927159572908,0.594501408196307,11,11,0.05658160069924776,0.09302511278795865,0.2727272727272727,,,1,0.8606115623413206
GSE134809,TNFRSF18,Myeloid,tissue_inflammation_crohns,-0.1582294393857924,0.3619027356207162,-0.867558801202396,0.5510999224308113,0.6712460648595004,11,11,0.11469069793451224,0.10652192076063555,0.45454545454545453,,,1,0.9041353875237343
GSE134809,TNFRSF18,NK_cell,tissue_inflammation_crohns,1.027963099715276,0.38002207169640295,0.28311983919032624,1.7728063602402258,0.02212233305133921,11,11,0.07750781381211895,0.1466685047566125,0.6363636363636364,,,1,0.18643177898987398
GSE134809,TNFRSF18,Plasma_cell,tissue_inflammation_crohns,-0.37423744893923205,0.23030729690794616,-0.8256397508788065,0.07716485300034243,0.13523539971659732,11,11,0.1409707224262539,0.1132962845455792,0.2727272727272727,,,1,0.4203683820184942
GSE134809,TNFRSF18,Stromal,tissue_inflammation_crohns,2.1465240561645724,0.5475135994241218,1.0733974012932936,3.219650711035851,0.0028640602254156847,11,11,0.0,0.020662243389662306,0.6363636363636364,,,1,0.08991224067327099
GSE134809,TNFRSF18,T_cell,tissue_inflammation_crohns,1.4280099023345663,0.2767688160743537,0.885543022828833,1.9704767818402995,0.0004254892743488084,11,11,0.05673588120881965,0.14657290772532147,1.0,,,1,0.04165334949470645
GSE134809,TNFRSF4,B_cell,tissue_inflammation_crohns,-0.06664311682271135,0.4967525862462415,-1.0402781858653447,0.9069919522199221,0.8959396276820681,11,11,0.014262399528755755,0.012672121243498275,0.36363636363636365,,,1,1.0
GSE134809,TNFRSF4,Endothelial,tissue_inflammation_crohns,0.1626115599524157,0.7960764983665939,-1.3976983768461084,1.7229214967509396,0.842689875823338,10,10,0.2945624045634946,0.3279330670146605,0.3,,,1,0.9946049478534451
GSE134809,TNFRSF4,Mast_cell,tissue_inflammation_crohns,-1.836647869730016,1.313355405469236,-4.4108244644497185,0.7375287249896865,0.19221963157273542,11,11,0.15222370369429192,0.09909915699947515,0.09090909090909091,,,1,0.500450667007856
GSE134809,TNFRSF4,Myeloid,tissue_inflammation_crohns,0.26563486084296983,0.323848526449749,-0.36910825099853817,0.9003779726844778,0.43119426254897875,11,11,0.07897901972030738,0.09543161954861291,0.45454545454545453,,,1,0.7047476119080083
GSE134809,TNFRSF4,NK_cell,tissue_inflammation_crohns,0.43826177184249643,0.3536109888334542,-0.2548157662710738,1.1313393099560667,0.24349987343061247,11,11,0.0552161767936503,0.07029492110582863,0.7272727272727273,,,1,0.5524176233052701
GSE134809,TNFRSF4,Plasma_cell,tissue_inflammation_crohns,-0.207081006430293,0.2292803795707369,-0.6564705503889373,0.24230853752835133,0.3876701447727088,11,11,0.11496494822945098,0.10315676642592839,0.45454545454545453,,,1,0.6649565937672153
GSE134809,TNFRSF4,Stromal,tissue_inflammation_crohns,-0.2107581132853813,0.9250389816190219,-2.0238345172586643,1.6023182906879014,0.8243638845590026,11,11,0.017993009781481013,0.02146748988043287,0.45454545454545453,,,1,0.9827710623762227
GSE134809,TNFRSF4,T_cell,tissue_inflammation_crohns,1.030186795114642,0.2641030377369344,0.5125448411502506,1.5478287490790335,0.0029576394958312825,11,11,0.09358893691597982,0.16631878199214897,0.8181818181818182,,,1,0.08991224067327099
GSE134809,TNFRSF9,B_cell,tissue_inflammation_crohns,0.29655612938983356,0.39434188601474174,-0.4763539671990602,1.0694662259787273,0.4693649125182358,11,11,0.00576176751456609,0.006058056197023581,0.36363636363636365,,,1,0.7494128414893707
GSE134809,TNFRSF9,Endothelial,tissue_inflammation_crohns,1.7469331633857472,0.7415196508368148,0.29355464774559015,3.200311679025904,0.04288974502434861,10,10,0.004909132567837987,0.07175678962268725,0.7,,,1,0.25033449808474556
GSE134809,TNFRSF9,Mast_cell,tissue_inflammation_crohns,1.3076036005062548,0.953410797487542,-0.5610815625693275,3.1762887635818373,0.20020586614801944,11,11,0.09377175112469228,0.1652108669847029,0.36363636363636365,,,1,0.5114502799075454
GSE134809,TNFRSF9,Myeloid,tissue_inflammation_crohns,1.0064736632741573,0.4343331401563963,0.15518070856762056,1.857766617980694,0.04297101442981504,11,11,0.019745697744651555,0.044448727034556754,0.9090909090909091,,,1,0.25033449808474556
GSE134809,TNFRSF9,NK_cell,tissue_inflammation_crohns,1.1903352592200553,0.5149396201443607,0.18105360373710844,2.199616914703002,0.04338891913277602,11,11,0.030790338920954587,0.0505171131701849,0.8181818181818182,,,1,0.25033449808474556
GSE134809,TNFRSF9,Plasma_cell,tissue_inflammation_crohns,0.6819919606473017,0.3038536993585219,0.08643870990459879,1.2775452113900045,0.04863358126885333,11,11,0.009799362859581776,0.015234868982515899,0.7272727272727273,,,1,0.2593791001005511
GSE134809,TNFRSF9,Stromal,tissue_inflammation_crohns,0.2357823095702356,0.7461728950004537,-1.2267165646306537,1.698281183771125,0.7585075749032931,11,11,0.005380771714217614,0.0111064741709903,0.36363636363636365,,,1,0.9648097557799721
GSE134809,TNFRSF9,T_cell,tissue_inflammation_crohns,1.0214210340952745,0.20483373796000176,0.619946907693671,1.422895160496878,0.0005480703880882428,11,11,0.02437670055825617,0.04785986155093382,0.9090909090909091,,,1,0.04165334949470645
GSE134809,VCAM1,B_cell,tissue_inflammation_crohns,0.04566680539717482,0.3539882149375944,-0.6481500958805102,0.7394837066748599,0.8999102544734506,11,11,0.0016189290161892902,0.00043339329959001774,0.2727272727272727,,,1,1.0
GSE134809,VCAM1,Endothelial,tissue_inflammation_crohns,2.03945759893996,1.1397440283953166,-0.19444069671486064,4.273355894594781,0.10717268737406653,10,10,0.009248379464138663,0.06828398735975166,0.6,,,1,0.4001044789267159
GSE134809,VCAM1,Mast_cell,tissue_inflammation_crohns,0.4049961893070448,0.40499618930704484,-0.38879634173476313,1.1987887203488528,0.34089313230206003,11,11,0.0,0.0025974025974025974,0.09090909090909091,,,1,0.6251776312929681
GSE134809,VCAM1,Myeloid,tissue_inflammation_crohns,-0.6403367000231633,0.24534160312548636,-1.1212062421491167,-0.15946715789721005,0.02604168213879423,11,11,0.01380454727462752,0.006370603339224009,0.09090909090909091,,,1,0.19165163411614577
GSE134809,VCAM1,NK_cell,tissue_inflammation_crohns,1.705291140331772,0.5317247916685521,0.66311054866141,2.7474717320021345,0.009378160925738675,11,11,0.00374680897729464,0.018767684634818503,0.6363636363636364,,,1,0.12877703705534058
GSE134809,VCAM1,Plasma_cell,tissue_inflammation_crohns,0.3971778991001681,0.16326276221332048,0.07718288516205996,0.7171729130382762,0.03528369637167902,11,11,0.0017320883988612215,0.002901557288195346,0.6363636363636364,,,1,0.23836097104423157
GSE134809,VCAM1,Stromal,tissue_inflammation_crohns,0.6732517318653715,0.6619204259454157,-0.6241123029876432,1.9706157667183861,0.3330735103806976,11,11,0.19646991588502297,0.3390743743897771,0.5454545454545454,,,1,0.6251776312929681
GSE134809,VCAM1,T_cell,tissue_inflammation_crohns,0.9822571388099999,0.30843940540681336,0.37771590421264567,1.586798373407354,0.009742999514055372,11,11,0.0015317125382414544,0.004593787609013352,0.8181818181818182,,,1,0.12877703705534058
