study,target,cell_type,stimulus,nb_lfc,nb_standard_error,nb_p_value,nb_alpha,nb_converged,nb_perfect_separation_warning,n_pairs,nb_q_value
GSE134809,CD19,B_cell,tissue_inflammation_crohns,0.1836228108597217,0.41070303220534926,0.6548072799822109,0.3142130196011598,True,False,9,0.9628528641383667
GSE134809,CD19,Endothelial,tissue_inflammation_crohns,26.049016315582058,26214.747647225224,0.9992071598475163,1e-08,True,True,9,0.9992883821160854
GSE134809,CD19,Mast_cell,tissue_inflammation_crohns,30.02967741491297,30900.924192963746,0.9992246117930238,7.48505267153839,True,True,9,0.9992883821160854
GSE134809,CD19,Myeloid,tissue_inflammation_crohns,0.8542397651965334,0.6821889043879,0.21049549059082162,0.28312848838177695,True,False,9,0.6089258421405188
GSE134809,CD19,NK_cell,tissue_inflammation_crohns,0.2319261125571834,2.9623579954847927,0.9375965381226982,7.502914837418884,True,False,9,0.9992883821160854
GSE134809,CD19,Plasma_cell,tissue_inflammation_crohns,0.2009559884163666,0.4114090449667135,0.6252255556474646,0.33485435901495214,True,False,9,0.943612184248944
GSE134809,CD19,Stromal,tissue_inflammation_crohns,31.68446617554243,23982.035397083968,0.9989458551534256,1e-08,True,True,9,0.9992883821160854
GSE134809,CD19,T_cell,tissue_inflammation_crohns,0.4842960142624984,0.8132128778442881,0.5514864999281911,0.7767905318049891,True,False,9,0.8990644022874642
GSE134809,CD274,B_cell,tissue_inflammation_crohns,0.9757195026424706,1.2235930303844993,0.4252062231557583,0.45304413212350714,True,False,9,0.7877379092695812
GSE134809,CD274,Endothelial,tissue_inflammation_crohns,-1.0098516544258176,0.8817378366887051,0.25208616928968963,0.01152200777358941,True,False,9,0.6418208148222084
GSE134809,CD274,Mast_cell,tissue_inflammation_crohns,1.2048691231807724,1.335732366641063,0.36704154540297085,1.2049201695607696,True,False,9,0.7418648903551213
GSE134809,CD274,Myeloid,tissue_inflammation_crohns,3.7133034267802163,1.4357653702370123,0.009701569736867803,3.20790999316961,True,False,9,0.16321464380848186
GSE134809,CD274,NK_cell,tissue_inflammation_crohns,1.0297806377667165,1.4911234055480551,0.4898123887469079,3.136835554551531,True,False,9,0.8512244085287476
GSE134809,CD274,Plasma_cell,tissue_inflammation_crohns,0.8785319702273882,0.6613490772431515,0.18404806837495447,0.6779167351467059,True,False,9,0.5752759295654315
GSE134809,CD274,Stromal,tissue_inflammation_crohns,4.245966955569291,2.5057567695356173,0.09017318270757618,1.6543850619427758,True,False,9,0.45244789919941736
GSE134809,CD274,T_cell,tissue_inflammation_crohns,1.8398350730194366,0.7211736505531431,0.010736258782740028,0.8981872730351068,True,False,9,0.16625143471641432
GSE134809,CD38,B_cell,tissue_inflammation_crohns,-0.38950045386921367,0.5579446550614293,0.4851154536625749,0.463815860328701,True,False,9,0.8511614137181954
GSE134809,CD38,Endothelial,tissue_inflammation_crohns,-0.8945192836315002,1.2210042964218824,0.46379666695665267,1.8747170974671243,True,False,9,0.8290365421850167
GSE134809,CD38,Mast_cell,tissue_inflammation_crohns,1.0800080750984584,0.7848487510862063,0.16879946773311993,0.6524952595154206,True,False,9,0.5646391552242375
GSE134809,CD38,Myeloid,tissue_inflammation_crohns,0.13086474245614318,0.2743144447398184,0.6333186353238917,0.1294990214384159,True,False,9,0.9451567731215086
GSE134809,CD38,NK_cell,tissue_inflammation_crohns,0.17470570731547863,0.46745282180256,0.7085979382382372,0.3904618114530113,True,False,9,0.9992883821160854
GSE134809,CD38,Plasma_cell,tissue_inflammation_crohns,0.10779623745204381,0.19552144194157095,0.5814095769772565,0.07889150958213238,True,False,9,0.918804110987993
GSE134809,CD38,Stromal,tissue_inflammation_crohns,0.32752454414069565,1.582575038156666,0.836043656610865,2.1048996099676143,True,False,9,0.9992883821160854
GSE134809,CD38,T_cell,tissue_inflammation_crohns,0.5873495791440994,0.31614076078972336,0.06318696359969708,0.18644797498246815,True,False,9,0.3718507930226807
GSE134809,CD3E,B_cell,tissue_inflammation_crohns,-1.2364980919192727,0.5899765566009201,0.03609614219250628,0.6470964867496551,True,False,9,0.29684436326136376
GSE134809,CD3E,Endothelial,tissue_inflammation_crohns,-1.7592557910277458,0.8361909910835557,0.03538784244557576,0.8002528992209605,True,False,9,0.29684436326136376
GSE134809,CD3E,Mast_cell,tissue_inflammation_crohns,-1.3173284930863025,1.1200765832554334,0.2395526265194745,0.46927700015823687,True,False,9,0.6258195667915802
GSE134809,CD3E,Myeloid,tissue_inflammation_crohns,-0.5399734323417228,0.4116458838393506,0.18960700582977774,0.3215576495795132,True,False,9,0.577458109443522
GSE134809,CD3E,NK_cell,tissue_inflammation_crohns,-0.26638856718319504,0.24011284889900716,0.26724442259798653,0.11106810732999813,True,False,9,0.6418208148222084
GSE134809,CD3E,Plasma_cell,tissue_inflammation_crohns,-0.20507335723539308,0.5355512747814762,0.7017789943218901,0.6119531764204326,True,False,9,0.9992883821160854
GSE134809,CD3E,Stromal,tissue_inflammation_crohns,0.26852841253959076,0.7224175383268813,0.7101102327432588,0.5187690632898438,True,False,9,0.9992883821160854
GSE134809,CD3E,T_cell,tissue_inflammation_crohns,-0.25446964088832963,0.18784475785118487,0.17551935564743504,0.07458563813439964,True,False,9,0.568507648779822
GSE134809,CD4,B_cell,tissue_inflammation_crohns,-0.8595184310998841,0.7322900198071207,0.24049899539286468,0.436566100837782,True,False,9,0.6258195667915802
GSE134809,CD4,Endothelial,tissue_inflammation_crohns,-0.8874467216498322,1.1014854197307784,0.4204263640209732,1.0450265192975763,True,False,9,0.7877379092695812
GSE134809,CD4,Mast_cell,tissue_inflammation_crohns,0.23573919571334725,2.054207304928825,0.9086359856328003,1e-08,True,False,9,0.9992883821160854
GSE134809,CD4,Myeloid,tissue_inflammation_crohns,-0.07719646903762303,0.1432446395532786,0.5899465465667328,0.030743197683095767,True,False,9,0.9216626712592992
GSE134809,CD4,NK_cell,tissue_inflammation_crohns,0.8137215755795776,0.9304736528211695,0.3818329356272375,0.6633467645618237,True,False,9,0.756097494347393
GSE134809,CD4,Plasma_cell,tissue_inflammation_crohns,0.41840995255276436,0.47079964290236426,0.3741525589885861,0.41443715167378853,True,False,9,0.7509594452451172
GSE134809,CD4,Stromal,tissue_inflammation_crohns,-2.025639908297388,0.6688438733371008,0.0024571485161753288,0.47416547663404646,True,False,9,0.08784524682768768
GSE134809,CD4,T_cell,tissue_inflammation_crohns,0.31447938063355474,0.22710312852055178,0.16613118267103177,0.0986800982743623,True,False,9,0.5622901567327229
GSE134809,CD69,B_cell,tissue_inflammation_crohns,-0.5622382151736532,0.26341555350170137,0.03280879171070273,0.14699345405560227,True,False,9,0.284342861492757
GSE134809,CD69,Endothelial,tissue_inflammation_crohns,-2.163784058120722,0.7121276287566224,0.002377765487458384,0.8685180273787594,True,False,9,0.08784524682768768
GSE134809,CD69,Mast_cell,tissue_inflammation_crohns,-1.0942221633281253,0.8943478935685598,0.22114617342134646,1.6557390186724184,True,False,9,0.6132919031799682
GSE134809,CD69,Myeloid,tissue_inflammation_crohns,-1.6517128198284896,0.6452120029960514,0.010468612542119641,0.8960143440650173,True,False,9,0.16625143471641432
GSE134809,CD69,NK_cell,tissue_inflammation_crohns,-1.0982562568901284,0.3041791791548038,0.00030554017285549015,0.1976260986621858,True,False,9,0.034953795774668076
GSE134809,CD69,Plasma_cell,tissue_inflammation_crohns,-1.3604199506231762,0.49038927158909373,0.005534387917548935,0.5190821576187122,True,False,9,0.1091610306495859
GSE134809,CD69,Stromal,tissue_inflammation_crohns,-2.23441233284553,0.7136551283225824,0.0017424697068291158,0.9505522230743069,True,False,9,0.08305772269218785
GSE134809,CD69,T_cell,tissue_inflammation_crohns,-1.6327642978691084,0.38849855243923326,2.636857467232132e-05,0.32581571715112495,True,False,9,0.015082824712567795
GSE134809,CD70,B_cell,tissue_inflammation_crohns,0.22005052059098876,0.9198600297150226,0.8109336427659212,1.634631546898113,True,False,9,0.9992883821160854
GSE134809,CD70,Endothelial,tissue_inflammation_crohns,-1.5201888213714008,2.5599972880612656,0.5526295759445685,1e-08,True,False,9,0.8990644022874642
GSE134809,CD70,Myeloid,tissue_inflammation_crohns,3.9312958404541236,1.8591563358457057,0.034467547617443556,5.108368231275727,True,False,9,0.29426025727130917
GSE134809,CD70,NK_cell,tissue_inflammation_crohns,1.5705223646374002,0.8090825717230951,0.05224432277502234,0.8293264257217589,True,False,9,0.3377569193566176
GSE134809,CD70,Plasma_cell,tissue_inflammation_crohns,0.5836698341374977,0.7207356468734218,0.418040691077191,1.0502483280499566,True,False,9,0.7877379092695812
GSE134809,CD70,Stromal,tissue_inflammation_crohns,2.664287793705915,2.929250525724515,0.36306204291110233,4.146112882512007,True,False,9,0.7390444432211762
GSE134809,CD70,T_cell,tissue_inflammation_crohns,1.3307710031458961,0.6580930381794508,0.043159576391582036,0.8571390607518411,True,False,9,0.32165953526072194
GSE134809,CD79A,B_cell,tissue_inflammation_crohns,-0.024333128404928704,0.18243531667924093,0.8938932698124837,0.06743427372182716,True,False,9,0.9992883821160854
GSE134809,CD79A,Endothelial,tissue_inflammation_crohns,2.235611786524608,1.4407563029071584,0.12073564581350298,2.388361090272501,True,False,9,0.5077999220979684
GSE134809,CD79A,Mast_cell,tissue_inflammation_crohns,2.2673898374145187,1.4282376239728076,0.11238952680486536,1.05422991894357,True,False,9,0.48776505929529834
GSE134809,CD79A,Myeloid,tissue_inflammation_crohns,0.9234362130028666,0.7172673384104156,0.19794215938103288,0.9803218176143655,True,False,9,0.5927901317589047
GSE134809,CD79A,NK_cell,tissue_inflammation_crohns,1.7645513284375691,0.9154475334772055,0.05391378383195787,1.3883277843503277,True,False,9,0.3402523562066055
GSE134809,CD79A,Plasma_cell,tissue_inflammation_crohns,0.04241261473621917,0.17648603106461666,0.810084423867543,0.06653313902663358,True,False,9,0.9992883821160854
GSE134809,CD79A,Stromal,tissue_inflammation_crohns,0.9025483205834554,1.430996924840562,0.5282282169950271,2.3770998296791164,True,False,9,0.8757870728149435
GSE134809,CD79A,T_cell,tissue_inflammation_crohns,0.8742036338701481,0.4830784325061031,0.07034984045954583,0.4522999026010086,True,False,9,0.3796236673854737
GSE134809,CD8A,B_cell,tissue_inflammation_crohns,-0.2700141804927494,0.6016670062773636,0.6535926921913457,0.48784261409882235,True,False,9,0.9628528641383667
GSE134809,CD8A,Endothelial,tissue_inflammation_crohns,-0.5148159926046643,1.6464028222833826,0.7545151349853926,2.2298253909734673,True,False,9,0.9992883821160854
GSE134809,CD8A,Mast_cell,tissue_inflammation_crohns,-1.3184478165087852,1.1769502893797523,0.26261837137336896,1e-08,True,False,9,0.6418208148222084
GSE134809,CD8A,Myeloid,tissue_inflammation_crohns,-0.322281246225158,0.4889814045919074,0.5098399566824111,0.32568913624484636,True,False,9,0.8635078426455192
GSE134809,CD8A,NK_cell,tissue_inflammation_crohns,-0.4253051884587426,0.21909292383819287,0.05223291372397148,0.08802537724842448,True,False,9,0.3377569193566176
GSE134809,CD8A,Plasma_cell,tissue_inflammation_crohns,-0.662409628071672,0.6967891441366032,0.3417769558497046,1.0202988556277282,True,False,9,0.7213889990628451
GSE134809,CD8A,Stromal,tissue_inflammation_crohns,-2.902636874390432,1.2669242846803312,0.021958240160169718,1.298735700458917,True,False,9,0.22979845035762198
GSE134809,CD8A,T_cell,tissue_inflammation_crohns,-0.7979393531533494,0.3242072106707826,0.013847247609802653,0.21931170581646292,True,False,9,0.17839013832928444
GSE134809,CLDN18,B_cell,tissue_inflammation_crohns,28.500264289829,14501.840188169952,0.9984319296087705,1e-08,True,True,9,0.9992883821160854
GSE134809,CLDN18,Endothelial,tissue_inflammation_crohns,-26.51666733686009,17017.30750528581,0.9987567227715853,1e-08,True,True,9,0.9992883821160854
GSE134809,CLDN18,Myeloid,tissue_inflammation_crohns,0.6521759699682588,1.1254507778768077,0.5622654857312135,1e-08,True,False,9,0.9039888177758537
GSE134809,CLDN18,NK_cell,tissue_inflammation_crohns,2.3624259381563157,1.899414169185113,0.2135858571742696,1e-08,True,False,9,0.610855551518411
GSE134809,CLDN18,Plasma_cell,tissue_inflammation_crohns,3.5281197593612164,3.050696616369877,0.24747815716651267,4.721131478355557,True,False,9,0.6379210611146896
GSE134809,CLDN18,T_cell,tissue_inflammation_crohns,-0.4796539898483363,0.7803712565766906,0.5387869049065224,0.26633269598831993,True,False,9,0.888144408087985
GSE134809,CLDN6,B_cell,tissue_inflammation_crohns,29.13692167485837,24750.643487306483,0.9990607155488319,1e-08,True,True,9,0.9992883821160854
GSE134809,CLDN6,Endothelial,tissue_inflammation_crohns,29.070741912796045,20517.478994755173,0.9988694961798967,12.703524262368367,True,True,9,0.9992883821160854
GSE134809,CLDN6,Plasma_cell,tissue_inflammation_crohns,28.296842579729777,14753.221362638238,0.9984696494808885,1e-08,True,True,9,0.9992883821160854
GSE134809,CLDN6,Stromal,tissue_inflammation_crohns,23.660845536032006,21001.592654784763,0.9991010863001981,1e-08,True,True,9,0.9992883821160854
GSE134809,CLDN6,T_cell,tissue_inflammation_crohns,-0.4701970240533569,2.097054336521387,0.8225877912652277,1e-08,True,False,9,0.9992883821160854
GSE134809,CTLA4,B_cell,tissue_inflammation_crohns,-0.492003604001379,0.6844157534177429,0.47222313694536433,0.5902516129633218,True,False,9,0.8355906481569614
GSE134809,CTLA4,Endothelial,tissue_inflammation_crohns,0.7402931526149952,1.6076702560296767,0.6451747801405302,1.9683228502360184,True,False,9,0.9535916647038328
GSE134809,CTLA4,Mast_cell,tissue_inflammation_crohns,-32.244044808633035,34425.11793308374,0.9992526671420869,2.242967568119666,True,True,9,0.9992883821160854
GSE134809,CTLA4,Myeloid,tissue_inflammation_crohns,0.6974180374776495,0.45446436778570626,0.1248837250634218,0.3111048474393356,True,False,9,0.5149426754649982
GSE134809,CTLA4,NK_cell,tissue_inflammation_crohns,2.741695160604826,0.9667079768739498,0.004566597480913178,1.4029271946740383,True,False,9,0.10896106306954698
GSE134809,CTLA4,Plasma_cell,tissue_inflammation_crohns,1.5259296929654704,0.5106954096601608,0.0028086027730419437,0.48664972735946044,True,False,9,0.08925115478777731
GSE134809,CTLA4,Stromal,tissue_inflammation_crohns,4.4693088159152365,4.1698029210582135,0.28379758611875483,4.443674523593996,True,False,9,0.6652959805734745
GSE134809,CTLA4,T_cell,tissue_inflammation_crohns,1.1337105415356694,0.4077632721985696,0.005430611071141322,0.34948416726688036,True,False,9,0.1091610306495859
GSE134809,DLL3,B_cell,tissue_inflammation_crohns,-0.8340985494420093,0.8518773404771892,0.32751581457918766,0.16866701203324458,True,False,9,0.7042821275913359
GSE134809,DLL3,Endothelial,tissue_inflammation_crohns,26.14655424957628,25706.40550667551,0.9991884540858332,1e-08,True,True,9,0.9992883821160854
GSE134809,DLL3,Myeloid,tissue_inflammation_crohns,-31.190178639648398,21279.756393083186,0.9988305245316292,6.79000603979699,True,True,9,0.9992883821160854
GSE134809,DLL3,NK_cell,tissue_inflammation_crohns,29.708382271314893,19221.40701957678,0.9987667994294536,1e-08,True,True,9,0.9992883821160854
GSE134809,DLL3,Plasma_cell,tissue_inflammation_crohns,-0.852455985884928,0.7635868221681669,0.26425786933553075,0.07151669047182985,True,False,9,0.6418208148222084
GSE134809,DLL3,Stromal,tissue_inflammation_crohns,26.91563685926745,18074.181666876262,0.9988118099312893,1e-08,True,True,9,0.9992883821160854
GSE134809,DLL3,T_cell,tissue_inflammation_crohns,0.4709531583661437,1.2448281613251009,0.7051870610356814,1.1369846222063535,True,False,9,0.9992883821160854
GSE134809,ENTPD1,B_cell,tissue_inflammation_crohns,-0.37798149566235245,0.2917362224409508,0.19510382273692328,0.1258877385450853,True,False,9,0.5873651926606323
GSE134809,ENTPD1,Endothelial,tissue_inflammation_crohns,0.8664457207261473,0.38157179291400517,0.023163454222996017,0.2443446529621099,True,False,9,0.23325203978871312
GSE134809,ENTPD1,Mast_cell,tissue_inflammation_crohns,0.47320684004795105,1.337685197122698,0.7235258546347758,0.3905496103396237,True,False,9,0.9992883821160854
GSE134809,ENTPD1,Myeloid,tissue_inflammation_crohns,-0.5667797316172491,0.31945856882450985,0.07603196926683561,0.2053497136763975,True,False,9,0.398993453400275
GSE134809,ENTPD1,NK_cell,tissue_inflammation_crohns,0.8363107787900192,0.5561926820772473,0.13267537622952133,0.5335963554498019,True,False,9,0.5233814841605945
GSE134809,ENTPD1,Plasma_cell,tissue_inflammation_crohns,0.1249003273122642,0.23514792671379955,0.595310400296117,0.10700783955568918,True,False,9,0.9228117858248752
GSE134809,ENTPD1,Stromal,tissue_inflammation_crohns,0.10272607764940841,0.43323506234456344,0.812568389074348,0.13617432150461722,True,False,9,0.9992883821160854
GSE134809,ENTPD1,T_cell,tissue_inflammation_crohns,1.0804315551571697,0.5921559033390562,0.06806552100617533,0.7249321066003231,True,False,9,0.3796236673854737
GSE134809,ERBB2,B_cell,tissue_inflammation_crohns,-1.795916113548468,0.9363541203894918,0.05511251285992783,0.5230148876159202,True,False,9,0.3402523562066055
GSE134809,ERBB2,Endothelial,tissue_inflammation_crohns,-1.212670030792455,1.3380491183078775,0.3647786219546191,2.522950355755955,True,False,9,0.7399055736100784
GSE134809,ERBB2,Myeloid,tissue_inflammation_crohns,-0.15009441706491367,0.7555958333247611,0.8425413997630303,0.4635260512524124,True,False,9,0.9992883821160854
GSE134809,ERBB2,NK_cell,tissue_inflammation_crohns,0.015667073031006964,1.007366429455235,0.9875913953465393,0.7872656347681871,True,False,9,0.9992883821160854
GSE134809,ERBB2,Plasma_cell,tissue_inflammation_crohns,-0.361965931675775,0.6594617664026009,0.5830872242808417,0.6949713019723853,True,False,9,0.918804110987993
GSE134809,ERBB2,Stromal,tissue_inflammation_crohns,-0.6797297191855434,0.6863940790066424,0.32203201802095205,0.5405120702383713,True,False,9,0.7003890277870136
GSE134809,ERBB2,T_cell,tissue_inflammation_crohns,-0.6098212263970484,0.5988884090650864,0.3085567009805561,0.5082447071445795,True,False,9,0.6891452768527621
GSE134809,FAP,B_cell,tissue_inflammation_crohns,-0.32713771074218273,1.8723956178963608,0.8613026951040574,1e-08,True,False,9,0.9992883821160854
GSE134809,FAP,Endothelial,tissue_inflammation_crohns,-0.11686490080426627,0.6306080207486903,0.8529772779005564,0.617374413532359,True,False,9,0.9992883821160854
GSE134809,FAP,Myeloid,tissue_inflammation_crohns,-1.4378258848107042,2.2733601498771856,0.5270815898725321,1.104731966117603,True,False,9,0.8757870728149435
GSE134809,FAP,Plasma_cell,tissue_inflammation_crohns,1.1699517811826645,1.0467187644608515,0.263681176300972,0.6614901864420509,True,False,9,0.6418208148222084
GSE134809,FAP,Stromal,tissue_inflammation_crohns,4.891382538383645,1.68742606412337,0.003746844834829681,3.2035932710111403,True,False,9,0.10205691645345609
GSE134809,FAP,T_cell,tissue_inflammation_crohns,28.146569200739446,22464.625337942933,0.9990003079601283,1e-08,True,True,9,0.9992883821160854
GSE134809,FOLR1,B_cell,tissue_inflammation_crohns,-28.006271312320962,25512.413318281135,0.9991241217865595,1e-08,True,True,9,0.9992883821160854
GSE134809,FOLR1,Plasma_cell,tissue_inflammation_crohns,0.33974310584694367,2.326995156097691,0.8839207733534233,1e-08,True,False,9,0.9992883821160854
GSE134809,FOLR1,Stromal,tissue_inflammation_crohns,-0.5335518084052523,1.6586742090598572,0.7476999321673765,1e-08,True,False,9,0.9992883821160854
GSE134809,GPRC5D,B_cell,tissue_inflammation_crohns,31.294780757390225,25293.039365119617,0.9990127870490906,10.623141652585051,True,True,9,0.9992883821160854
GSE134809,GPRC5D,Plasma_cell,tissue_inflammation_crohns,-2.3740621721126685,0.6922779172949158,0.0006050323146909054,0.8785348384967315,True,False,9,0.04943978342902827
GSE134809,GPRC5D,T_cell,tissue_inflammation_crohns,30.1080258443434,28523.307399393696,0.999157786150812,1.444605707439275,True,True,9,0.9992883821160854
GSE134809,HAVCR2,B_cell,tissue_inflammation_crohns,-0.3426384925637607,0.8892791457647513,0.70001579655868,1.1648279556795431,True,False,9,0.9992883821160854
GSE134809,HAVCR2,Endothelial,tissue_inflammation_crohns,0.4863062821051934,1.8830729940609983,0.7962128729659765,3.0964864280616156,True,False,9,0.9992883821160854
GSE134809,HAVCR2,Mast_cell,tissue_inflammation_crohns,1.6482178978463848,1.0193257158335722,0.10588501196315996,0.3636015305529523,True,False,9,0.47689942396005897
GSE134809,HAVCR2,Myeloid,tissue_inflammation_crohns,-0.2134819897671756,0.2687093796843083,0.426920894883864,0.14184330008193735,True,False,9,0.7877379092695812
GSE134809,HAVCR2,NK_cell,tissue_inflammation_crohns,1.033916950713439,0.6959790610508433,0.1373961896555865,0.9169429171835782,True,False,9,0.5274538287449361
GSE134809,HAVCR2,Plasma_cell,tissue_inflammation_crohns,0.6843847717956761,0.619528490606926,0.269295446778549,0.7101061586268931,True,False,9,0.6418208148222084
GSE134809,HAVCR2,Stromal,tissue_inflammation_crohns,-0.49797488542030954,1.4578326450493169,0.7326626482384453,1e-08,True,False,9,0.9992883821160854
GSE134809,HAVCR2,T_cell,tissue_inflammation_crohns,1.1581746559478556,0.5103426416959085,0.023243647321602532,0.5090346576561945,True,False,9,0.23325203978871312
GSE134809,HLA-DRA,B_cell,tissue_inflammation_crohns,0.11129056249149764,0.16890185141047384,0.5099556795568597,0.06086972604896368,True,False,9,0.8635078426455192
GSE134809,HLA-DRA,Endothelial,tissue_inflammation_crohns,-0.37887440415558754,0.26474842044450714,0.1524091994056412,0.14536929739307894,True,False,9,0.5414786463355701
GSE134809,HLA-DRA,Mast_cell,tissue_inflammation_crohns,0.5857855434685935,0.5897874236029469,0.32060533240175326,0.641460109667975,True,False,9,0.7003890277870136
GSE134809,HLA-DRA,Myeloid,tissue_inflammation_crohns,-0.04151592822472291,0.2092616387252643,0.842738027712666,0.09458244071227706,True,False,9,0.9992883821160854
GSE134809,HLA-DRA,NK_cell,tissue_inflammation_crohns,1.359478452724069,0.5214265252978832,0.009127824364168407,0.5722537910171391,True,False,9,0.1582156223122524
GSE134809,HLA-DRA,Plasma_cell,tissue_inflammation_crohns,0.7591412329968931,0.3915975182425587,0.05255308710269051,0.33065933112184903,True,False,9,0.3377569193566176
GSE134809,HLA-DRA,Stromal,tissue_inflammation_crohns,-0.6161482761834922,0.6510976105520694,0.3439841538479168,0.8273582594289938,True,False,9,0.723378441180178
GSE134809,HLA-DRA,T_cell,tissue_inflammation_crohns,1.564460633303543,0.8621610710519002,0.06958840751378076,1.6029064620350986,True,False,9,0.3796236673854737
GSE134809,ICAM1,B_cell,tissue_inflammation_crohns,0.17365566575302552,0.6069976549910931,0.7748095606118816,0.5729368256626675,True,False,9,0.9992883821160854
GSE134809,ICAM1,Endothelial,tissue_inflammation_crohns,0.26952974481358943,0.4124151108127859,0.5134082525739532,0.3175476080216302,True,False,9,0.8662817713047233
GSE134809,ICAM1,Mast_cell,tissue_inflammation_crohns,0.5522859215766075,0.7152119833043749,0.43999662068693945,0.2502763566444061,True,False,9,0.8040832812553653
GSE134809,ICAM1,Myeloid,tissue_inflammation_crohns,1.2127477164858294,0.47930884735108864,0.011399720606828534,0.4790762059600993,True,False,9,0.16814443366625675
GSE134809,ICAM1,NK_cell,tissue_inflammation_crohns,0.40482213162359154,0.3811741993209205,0.28821766356881406,0.21955901910171013,True,False,9,0.67290001453617
GSE134809,ICAM1,Plasma_cell,tissue_inflammation_crohns,0.6307817521218425,0.3579107631429958,0.0780018220717132,0.24739504537076332,True,False,9,0.40560947477290865
GSE134809,ICAM1,Stromal,tissue_inflammation_crohns,1.092702296789695,1.0170109666828713,0.28263211535534405,1.8419152866140989,True,False,9,0.6652959805734745
GSE134809,ICAM1,T_cell,tissue_inflammation_crohns,0.8454707500448346,0.5864370751471468,0.14938489706216923,0.675357843131246,True,False,9,0.5414786463355701
GSE134809,ICOS,B_cell,tissue_inflammation_crohns,-0.9398049126337751,0.6771452765337922,0.16516975413778645,0.7689909575224123,True,False,9,0.5622901567327229
GSE134809,ICOS,Endothelial,tissue_inflammation_crohns,-2.3261873244714715,1.7411464776113046,0.18154633912606766,3.4490794310826502,True,False,9,0.5705742086819269
GSE134809,ICOS,Mast_cell,tissue_inflammation_crohns,-0.7852559482422572,1.5486975974216555,0.6121247962474821,0.8920899321428803,True,False,9,0.9306459044372899
GSE134809,ICOS,Myeloid,tissue_inflammation_crohns,-1.3839396295517736,0.7077517528782681,0.05053556752162214,1.017403626935362,True,False,9,0.3377569193566176
GSE134809,ICOS,NK_cell,tissue_inflammation_crohns,-0.5249215500790059,0.5725808924685919,0.35926632022395966,0.611155838761935,True,False,9,0.7365603411043188
GSE134809,ICOS,Plasma_cell,tissue_inflammation_crohns,-0.5079691998635899,0.5996507108046091,0.39693466104182895,0.7512205800761098,True,False,9,0.7735464825524017
GSE134809,ICOS,Stromal,tissue_inflammation_crohns,-0.3275918097777652,2.0694016930661667,0.8742183056636298,4.3219233585480845,True,False,9,0.9992883821160854
GSE134809,ICOS,T_cell,tissue_inflammation_crohns,-0.3690659840213387,0.29560659081301405,0.21184657794748818,0.18317106140566844,True,False,9,0.6089258421405188
GSE134809,IDO1,B_cell,tissue_inflammation_crohns,2.556494329458582,2.0269673648083097,0.20722203392590877,5.1788423678758635,True,False,9,0.6081798185562601
GSE134809,IDO1,Endothelial,tissue_inflammation_crohns,-2.5580113506987634,1.0462615273188636,0.014488979796058645,1.8541206551786507,True,False,9,0.17839013832928444
GSE134809,IDO1,Mast_cell,tissue_inflammation_crohns,1.6017891146513252,2.7540665439165326,0.5608302686585135,2.6693805899929703,True,False,9,0.9039888177758537
GSE134809,IDO1,Myeloid,tissue_inflammation_crohns,1.7070837567577513,0.9366206665834261,0.06836416881972374,1.8798608890725002,True,False,9,0.3796236673854737
GSE134809,IDO1,NK_cell,tissue_inflammation_crohns,3.166349629089226,1.9135917646575566,0.09799286162971257,4.055461543264416,True,False,9,0.4557066410747609
GSE134809,IDO1,Plasma_cell,tissue_inflammation_crohns,1.8604378435040902,1.0910705436715518,0.08816663939753973,2.425433196017261,True,False,9,0.45027962263743504
GSE134809,IDO1,Stromal,tissue_inflammation_crohns,-0.5706091804792919,1.347779188110515,0.6720253804712575,3.220881493614049,True,False,9,0.970703327347372
GSE134809,IDO1,T_cell,tissue_inflammation_crohns,4.606157214824835,1.8423010069052688,0.01241163189557741,4.960853895146947,True,False,9,0.17748633610675696
GSE134809,IL2RA,B_cell,tissue_inflammation_crohns,0.12312207886147479,0.6664288395414543,0.8534258909930964,0.6687880432290854,True,False,9,0.9992883821160854
GSE134809,IL2RA,Endothelial,tissue_inflammation_crohns,1.7225221488741367,1.7808829351876239,0.3334294196595905,1.8519714615404097,True,False,9,0.7143132136527557
GSE134809,IL2RA,Mast_cell,tissue_inflammation_crohns,1.7390030430624408,1.4822235827260521,0.24069983338137702,0.4218748215087915,True,False,9,0.6258195667915802
GSE134809,IL2RA,Myeloid,tissue_inflammation_crohns,0.6519199046956069,0.5347757353485103,0.22282411948898584,0.5350174686331705,True,False,9,0.6132919031799682
GSE134809,IL2RA,NK_cell,tissue_inflammation_crohns,0.7168539645351336,0.7029013341607598,0.307799579528396,0.9163422834547079,True,False,9,0.6891452768527621
GSE134809,IL2RA,Plasma_cell,tissue_inflammation_crohns,0.7441306008721925,0.48933349293758005,0.1283345445063785,0.45703595712386774,True,False,9,0.5169532356172429
GSE134809,IL2RA,Stromal,tissue_inflammation_crohns,1.8883013392759025,1.3290034137208289,0.15536325092538772,0.17775581457325845,True,False,9,0.545201101406882
GSE134809,IL2RA,T_cell,tissue_inflammation_crohns,1.2247993963884711,0.5692861375261505,0.031439488290098926,0.6815866384048054,True,False,9,0.284342861492757
GSE134809,LAG3,B_cell,tissue_inflammation_crohns,-0.12328390149871271,1.0995711441122735,0.9107282706498004,1.8562015068172122,True,False,9,0.9992883821160854
GSE134809,LAG3,Endothelial,tissue_inflammation_crohns,0.3291161297637491,1.2397448831671898,0.7906467616655882,1.4213047460181825,True,False,9,0.9992883821160854
GSE134809,LAG3,Mast_cell,tissue_inflammation_crohns,-28.023968446804435,17630.100900511676,0.9987317212495676,1e-08,True,True,9,0.9992883821160854
GSE134809,LAG3,Myeloid,tissue_inflammation_crohns,0.7742634917144506,0.5072813302950856,0.1269351700009873,0.4371215648727156,True,False,9,0.5149426754649982
GSE134809,LAG3,NK_cell,tissue_inflammation_crohns,0.6957231650958372,0.6294760699854672,0.2690548974850233,0.8080102653623141,True,False,9,0.6418208148222084
GSE134809,LAG3,Plasma_cell,tissue_inflammation_crohns,0.7235382125395159,0.37014332270624617,0.05061240909322348,0.24455479385775936,True,False,9,0.3377569193566176
GSE134809,LAG3,Stromal,tissue_inflammation_crohns,-0.31533823025048136,0.7233848746242237,0.6628944771712006,0.21805562028479406,True,False,9,0.9691953186252777
GSE134809,LAG3,T_cell,tissue_inflammation_crohns,0.39195847051445326,0.7457489772385679,0.5991728587464148,1.1904246248971517,True,False,9,0.9262888518998629
GSE134809,MICA,B_cell,tissue_inflammation_crohns,0.02565846005333909,0.5154512765660139,0.9602987937683881,0.22417829133220615,True,False,9,0.9992883821160854
GSE134809,MICA,Endothelial,tissue_inflammation_crohns,-0.45267861421272754,0.5460401911595792,0.4070927016191195,0.3318687110514801,True,False,9,0.7865810043054816
GSE134809,MICA,Mast_cell,tissue_inflammation_crohns,-0.7597670742108272,1.9261406241929564,0.6932484883046122,1e-08,True,False,9,0.993829913058241
GSE134809,MICA,Myeloid,tissue_inflammation_crohns,0.7951861955116587,0.34679988604050305,0.021852312144108318,0.0684628287636339,True,False,9,0.22979845035762198
GSE134809,MICA,NK_cell,tissue_inflammation_crohns,0.12020472764391625,0.5336806838102461,0.8217947737065321,0.20520831093068037,True,False,9,0.9992883821160854
GSE134809,MICA,Plasma_cell,tissue_inflammation_crohns,0.3021189921218854,0.2943948765279733,0.3047797612979921,0.08968699589137882,True,False,9,0.6890672864128518
GSE134809,MICA,Stromal,tissue_inflammation_crohns,0.28469041322612293,0.48210135661467934,0.5548421923207603,0.07270651459817525,True,False,9,0.8990644022874642
GSE134809,MICA,T_cell,tissue_inflammation_crohns,0.11157170782680936,0.2554209800667553,0.6622455412742808,0.072775974930957,True,False,9,0.9691953186252777
GSE134809,MICB,B_cell,tissue_inflammation_crohns,-0.07029216327048235,0.5474046774497241,0.8978246209782141,0.290060727393638,True,False,9,0.9992883821160854
GSE134809,MICB,Endothelial,tissue_inflammation_crohns,-0.2739519735405943,0.8203426639669223,0.7384186310915719,1e-08,True,False,9,0.9992883821160854
GSE134809,MICB,Mast_cell,tissue_inflammation_crohns,28.555117115797543,18795.188464930656,0.9987877919736629,1e-08,True,True,9,0.9992883821160854
GSE134809,MICB,Myeloid,tissue_inflammation_crohns,0.8651008433876376,0.3756712420738502,0.021289333300300233,0.056725998929523944,True,False,9,0.22979845035762198
GSE134809,MICB,NK_cell,tissue_inflammation_crohns,0.7194117258608526,0.7080883613879887,0.30963345480972004,0.590855946262434,True,False,9,0.6891452768527621
GSE134809,MICB,Plasma_cell,tissue_inflammation_crohns,-0.13758748098259183,0.3237127289611037,0.6708151211039225,0.10976624465425239,True,False,9,0.970703327347372
GSE134809,MICB,Stromal,tissue_inflammation_crohns,1.2393803882254941,1.3279356162265283,0.3506580683988213,1e-08,True,False,9,0.7267261417540789
GSE134809,MICB,T_cell,tissue_inflammation_crohns,0.6227243137819785,0.5167237818359215,0.22814939822694436,0.4934155508812353,True,False,9,0.6132919031799682
GSE134809,MS4A1,B_cell,tissue_inflammation_crohns,0.19472631103716706,0.20714611244201364,0.34719536083015423,0.08725808734898756,True,False,9,0.725533907056715
GSE134809,MS4A1,Endothelial,tissue_inflammation_crohns,2.4523761821957257,1.5454992051735819,0.11256116752968423,1.1030007098412724,True,False,9,0.48776505929529834
GSE134809,MS4A1,Mast_cell,tissue_inflammation_crohns,2.085578901130203,1.931168511704722,0.2801613406447434,1.595587753090493,True,False,9,0.6649472483352417
GSE134809,MS4A1,Myeloid,tissue_inflammation_crohns,1.0578475483197076,0.8414836254029324,0.20870947475779478,1.3027211355024335,True,False,9,0.6089258421405188
GSE134809,MS4A1,NK_cell,tissue_inflammation_crohns,0.7378305164316974,1.0739619833353085,0.4920717947767761,2.0948787546400895,True,False,9,0.8512244085287476
GSE134809,MS4A1,Plasma_cell,tissue_inflammation_crohns,0.35360488077758534,0.5454213269186337,0.5167811711169945,0.6304691453955243,True,False,9,0.8683736836664553
GSE134809,MS4A1,Stromal,tissue_inflammation_crohns,0.7274628237534535,1.6846358565458397,0.6658707890876852,2.9855893875537327,True,False,9,0.9691953186252777
GSE134809,MS4A1,T_cell,tissue_inflammation_crohns,0.3610626285165368,0.6070255428729513,0.5519729433880833,0.6959670826519102,True,False,9,0.8990644022874642
GSE134809,PDCD1,B_cell,tissue_inflammation_crohns,0.6613433309340371,1.3089316925507504,0.6133802551973047,2.764637661493244,True,False,9,0.9306459044372899
GSE134809,PDCD1,Endothelial,tissue_inflammation_crohns,0.1645602129500996,2.4304225038108154,0.9460176989186669,3.9525617088260288,True,False,9,0.9992883821160854
GSE134809,PDCD1,Mast_cell,tissue_inflammation_crohns,30.02967741491297,30900.924192963746,0.9992246117930238,7.48505267153839,True,True,9,0.9992883821160854
GSE134809,PDCD1,Myeloid,tissue_inflammation_crohns,-0.02267764273743591,0.8589548613421881,0.9789371479161988,0.9385640015221135,True,False,9,0.9992883821160854
GSE134809,PDCD1,NK_cell,tissue_inflammation_crohns,-0.4121978294389646,0.879462732532508,0.6392892513501433,1.283081105220953,True,False,9,0.9473405486328549
GSE134809,PDCD1,Plasma_cell,tissue_inflammation_crohns,-0.16293431370302944,0.49937439468153816,0.7442148877222908,0.42102397549831094,True,False,9,0.9992883821160854
GSE134809,PDCD1,Stromal,tissue_inflammation_crohns,-1.0676740122147763,3.8102657863118155,0.7793165084938095,5.487824633104962,True,False,9,0.9992883821160854
GSE134809,PDCD1,T_cell,tissue_inflammation_crohns,0.09933165871969121,0.5743677634237083,0.8626979087407298,0.677211831076639,True,False,9,0.9992883821160854
GSE134809,PDCD1LG2,B_cell,tissue_inflammation_crohns,26.59252462006999,17346.073560804594,0.9987767977322636,1e-08,True,True,9,0.9992883821160854
GSE134809,PDCD1LG2,Endothelial,tissue_inflammation_crohns,-1.548210960384431,1.1418761239048445,0.17514739558515546,0.6054579652903561,True,False,9,0.568507648779822
GSE134809,PDCD1LG2,Mast_cell,tissue_inflammation_crohns,-1.1432767112660767,1.7672638399091969,0.5176843114165407,1e-08,True,False,9,0.8683736836664553
GSE134809,PDCD1LG2,Myeloid,tissue_inflammation_crohns,3.405736740093808,1.2496561872793603,0.006423549656931719,2.2729444105391154,True,False,9,0.11852485173435301
GSE134809,PDCD1LG2,NK_cell,tissue_inflammation_crohns,3.9438370774284355,4.4622552901032755,0.37679258878557453,9.820322279228646,True,False,9,0.7509594452451172
GSE134809,PDCD1LG2,Plasma_cell,tissue_inflammation_crohns,0.11599595080195649,0.813882504171402,0.8866679084649922,0.8497631177578049,True,False,9,0.9992883821160854
GSE134809,PDCD1LG2,Stromal,tissue_inflammation_crohns,2.637181019064962,2.0092357254180797,0.18934156323507112,1.5890771275944795,True,False,9,0.577458109443522
GSE134809,PDCD1LG2,T_cell,tissue_inflammation_crohns,2.12860651241978,1.1515656870385973,0.06453790908351102,1.280506892280697,True,False,9,0.37288569692695256
GSE134809,SIGLEC1,B_cell,tissue_inflammation_crohns,-32.99373281321065,19311.660812709237,0.9986368247939246,12.102241111509375,True,True,9,0.9992883821160854
GSE134809,SIGLEC1,Myeloid,tissue_inflammation_crohns,-0.857384943087559,0.409595678812656,0.036327107392124934,0.24995417463580116,True,False,9,0.29684436326136376
GSE134809,SIGLEC1,NK_cell,tissue_inflammation_crohns,0.7262967821872084,2.6565940942910564,0.7845503944604515,1.1275089660958042,True,False,9,0.9992883821160854
GSE134809,SIGLEC1,Plasma_cell,tissue_inflammation_crohns,-1.6806975224033422,1.501558347048872,0.26301124863309566,1.3291795434846583,True,False,9,0.6418208148222084
GSE134809,SIGLEC1,Stromal,tissue_inflammation_crohns,-27.640440756636874,26339.63845354643,0.9991627114804654,1e-08,True,True,9,0.9992883821160854
GSE134809,SIGLEC1,T_cell,tissue_inflammation_crohns,-31.276740839427955,16335.83626728971,0.9984723638892319,1e-08,True,True,9,0.9992883821160854
GSE134809,TIGIT,B_cell,tissue_inflammation_crohns,0.6994850227538905,0.7904480513391743,0.3761985976518273,0.9734345969343895,True,False,9,0.7509594452451172
GSE134809,TIGIT,Endothelial,tissue_inflammation_crohns,-3.6795063860077595,2.74369162130031,0.17989490284816045,3.5807914372285796,True,False,9,0.568507648779822
GSE134809,TIGIT,Mast_cell,tissue_inflammation_crohns,-1.840362133243443,1.8562528265681026,0.32147108392728974,0.4573422420697358,True,False,9,0.7003890277870136
GSE134809,TIGIT,Myeloid,tissue_inflammation_crohns,0.942411271331569,0.531124817046349,0.0760021773878844,0.25950601447019345,True,False,9,0.398993453400275
GSE134809,TIGIT,NK_cell,tissue_inflammation_crohns,-0.7101771851851535,0.5252277338227422,0.1763331170741983,0.5111363740650501,True,False,9,0.568507648779822
GSE134809,TIGIT,Plasma_cell,tissue_inflammation_crohns,0.3816580133102712,0.3736134736875685,0.3070025900746929,0.2538684091991959,True,False,9,0.6891452768527621
GSE134809,TIGIT,Stromal,tissue_inflammation_crohns,-0.138531490985336,1.2279122464777719,0.9101742747039514,1e-08,True,False,9,0.9992883821160854
GSE134809,TIGIT,T_cell,tissue_inflammation_crohns,0.837877684647231,0.4116554619927647,0.04181206831768967,0.3568660780746397,True,False,9,0.3202395166904322
GSE134809,TNFRSF12A,B_cell,tissue_inflammation_crohns,0.0930349488625822,0.8893754280486167,0.9166876122882102,0.47821950825228227,True,False,9,0.9992883821160854
GSE134809,TNFRSF12A,Endothelial,tissue_inflammation_crohns,1.3823797339611539,1.8274667232202604,0.44938188919537736,5.129573119794265,True,False,9,0.812272789883922
GSE134809,TNFRSF12A,Mast_cell,tissue_inflammation_crohns,-28.679611688298966,16492.296141538412,0.99861250321687,1e-08,True,True,9,0.9992883821160854
GSE134809,TNFRSF12A,Myeloid,tissue_inflammation_crohns,1.3868677526748039,0.9993733104339598,0.16521701292660018,1.641068343014802,True,False,9,0.5622901567327229
GSE134809,TNFRSF12A,NK_cell,tissue_inflammation_crohns,1.8462631149948674,1.1708592411952756,0.11483127799435486,1.0597298058248577,True,False,9,0.4882960476527919
GSE134809,TNFRSF12A,Plasma_cell,tissue_inflammation_crohns,0.8266353127797401,0.7027897177423326,0.2395069795148692,0.8537806648033678,True,False,9,0.6258195667915802
GSE134809,TNFRSF12A,Stromal,tissue_inflammation_crohns,1.739907869145945,1.1388261065034446,0.12656016459704933,2.5056747573373817,True,False,9,0.5149426754649982
GSE134809,TNFRSF12A,T_cell,tissue_inflammation_crohns,1.1575812972226975,0.9269838679244019,0.21175250416127844,1.503626158433973,True,False,9,0.6089258421405188
GSE134809,TNFRSF17,B_cell,tissue_inflammation_crohns,0.08619781475248552,0.41980660170042483,0.8373163068619873,0.22673358960968806,True,False,9,0.9992883821160854
GSE134809,TNFRSF17,Endothelial,tissue_inflammation_crohns,0.5715681044938282,2.50522060639781,0.8195290027497832,3.6851937088785447,True,False,9,0.9992883821160854
GSE134809,TNFRSF17,Mast_cell,tissue_inflammation_crohns,-3.456922213458772,4.227021623726571,0.413462760782073,9.105270351250734,True,False,9,0.7876368804447536
GSE134809,TNFRSF17,Myeloid,tissue_inflammation_crohns,1.1709801803118156,0.8395084865453817,0.16306403515835421,0.831454477266853,True,False,9,0.5622901567327229
GSE134809,TNFRSF17,NK_cell,tissue_inflammation_crohns,-0.05493383307339687,1.4031753936546656,0.9687710720362656,1.7995614353088933,True,False,9,0.9992883821160854
GSE134809,TNFRSF17,Plasma_cell,tissue_inflammation_crohns,-0.73510164560046,0.32779189126801794,0.02492349643873389,0.23130295849689386,True,False,9,0.2376039993825964
GSE134809,TNFRSF17,Stromal,tissue_inflammation_crohns,-0.7773063448634655,1.5100061348778144,0.6067135260976345,1.1131528399265609,True,False,9,0.9267989112528437
GSE134809,TNFRSF17,T_cell,tissue_inflammation_crohns,0.6594962392951423,1.0622456712144246,0.534697693370541,1.9453064029370357,True,False,9,0.8839511000229752
GSE134809,TNFRSF18,B_cell,tissue_inflammation_crohns,0.1572039618027659,0.6973205486788974,0.8216369776152979,0.7554203125461546,True,False,9,0.9992883821160854
GSE134809,TNFRSF18,Endothelial,tissue_inflammation_crohns,-0.34770648790905556,0.9201988833744726,0.7055344873360778,0.7985200179987042,True,False,9,0.9992883821160854
GSE134809,TNFRSF18,Mast_cell,tissue_inflammation_crohns,0.28347940590339593,1.3886301319693073,0.8382415923509156,1.8162739055184012,True,False,9,0.9992883821160854
GSE134809,TNFRSF18,Myeloid,tissue_inflammation_crohns,-0.10342680121131956,0.44822413254890947,0.8175106172737744,0.40347070349396136,True,False,9,0.9992883821160854
GSE134809,TNFRSF18,NK_cell,tissue_inflammation_crohns,1.0211206406502253,0.4998904902540803,0.0410832671196665,0.48660004983930977,True,False,9,0.3202395166904322
GSE134809,TNFRSF18,Plasma_cell,tissue_inflammation_crohns,-0.3821855842796224,0.2656508021659369,0.1502421813257598,0.1442872541270754,True,False,9,0.5414786463355701
GSE134809,TNFRSF18,Stromal,tissue_inflammation_crohns,32.125605922277906,22148.81490141812,0.9988427138834131,1.795290537414762,True,True,9,0.9992883821160854
GSE134809,TNFRSF18,T_cell,tissue_inflammation_crohns,1.6828478165237137,0.6787345345137284,0.01316072089916545,0.9864406285581568,True,False,9,0.17839013832928444
GSE134809,TNFRSF4,B_cell,tissue_inflammation_crohns,0.09749458631296969,0.570892856044943,0.8644001931539259,0.37651927699742005,True,False,9,0.9992883821160854
GSE134809,TNFRSF4,Endothelial,tissue_inflammation_crohns,-0.4018754079792066,0.5132398252152824,0.4336172438667688,0.48871716595199605,True,False,9,0.7949649470890762
GSE134809,TNFRSF4,Mast_cell,tissue_inflammation_crohns,-1.5795170736150612,1.27835727137224,0.21661344372575353,1.7704075758701485,True,False,9,0.6132919031799682
GSE134809,TNFRSF4,Myeloid,tissue_inflammation_crohns,0.44579042321272605,0.5569023273324488,0.4234314485582086,0.6246893275376544,True,False,9,0.7877379092695812
GSE134809,TNFRSF4,NK_cell,tissue_inflammation_crohns,0.6855764322616008,0.47111786670180994,0.14561054499247897,0.3763456666312332,True,False,9,0.5373498821657934
GSE134809,TNFRSF4,Plasma_cell,tissue_inflammation_crohns,-0.3459978789075198,0.2408179681954864,0.1507858988595305,0.11672640458144755,True,False,9,0.5414786463355701
GSE134809,TNFRSF4,Stromal,tissue_inflammation_crohns,0.12756999817628342,1.058143474535595,0.9040393876982985,1.0966070240715566,True,False,9,0.9992883821160854
GSE134809,TNFRSF4,T_cell,tissue_inflammation_crohns,1.3027610840129138,0.5603991563268116,0.020087896021375746,0.6732886244380962,True,False,9,0.22529953969072405
GSE134809,TNFRSF9,B_cell,tissue_inflammation_crohns,0.16111613849275155,0.9419232752050325,0.8641843151070004,1.1027186602460908,True,False,9,0.9992883821160854
GSE134809,TNFRSF9,Endothelial,tissue_inflammation_crohns,1.4822201018578942,1.331693029214355,0.2656936716888597,1.522520271205812,True,False,9,0.6418208148222084
GSE134809,TNFRSF9,Mast_cell,tissue_inflammation_crohns,1.1093575933739992,1.0330746106356625,0.2828940717809172,1.1623707792288267,True,False,9,0.6652959805734745
GSE134809,TNFRSF9,Myeloid,tissue_inflammation_crohns,1.6971792883504415,0.9258002379683389,0.06677246585206278,1.5379270519422297,True,False,9,0.3781569353205932
GSE134809,TNFRSF9,NK_cell,tissue_inflammation_crohns,0.811176577053377,0.5313201714786097,0.1268309118825794,0.4272244209599654,True,False,9,0.5149426754649982
GSE134809,TNFRSF9,Plasma_cell,tissue_inflammation_crohns,0.8744429414615821,0.5368410669526387,0.10334108140180877,0.49787741534920726,True,False,9,0.4691357028717033
GSE134809,TNFRSF9,Stromal,tissue_inflammation_crohns,0.7416938401952243,1.9880185108705257,0.7090874456766916,3.1635955154865396,True,False,9,0.9992883821160854
GSE134809,TNFRSF9,T_cell,tissue_inflammation_crohns,1.1726138242448307,0.47627998868995275,0.01381545632290617,0.4574336820841488,True,False,9,0.17839013832928444
GSE134809,VCAM1,B_cell,tissue_inflammation_crohns,0.7346222332074326,2.312678178821414,0.7507504391928885,3.8918219829855545,True,False,9,0.9992883821160854
GSE134809,VCAM1,Endothelial,tissue_inflammation_crohns,1.62642673215878,1.0850684934768808,0.13389537573619678,1.6160148192902302,True,False,9,0.5245764035692093
GSE134809,VCAM1,Mast_cell,tissue_inflammation_crohns,28.597105319088403,18262.31912058795,0.9987505869685983,1e-08,True,True,9,0.9992883821160854
GSE134809,VCAM1,Myeloid,tissue_inflammation_crohns,-1.0285680800719317,0.6501614283038621,0.11364511112099004,0.4703020615549348,True,False,9,0.4882960476527919
GSE134809,VCAM1,NK_cell,tissue_inflammation_crohns,2.6827569338835837,1.0887225381357337,0.013734520711409744,1.4253663906711709,True,False,9,0.17839013832928444
GSE134809,VCAM1,Plasma_cell,tissue_inflammation_crohns,1.6059130319574615,0.7828552297897545,0.04023250703581644,0.618578012243163,True,False,9,0.3202395166904322
GSE134809,VCAM1,Stromal,tissue_inflammation_crohns,-0.1736752672471535,0.33469733415505265,0.603828768055515,0.17541251924972706,True,False,9,0.9267989112528437
GSE134809,VCAM1,T_cell,tissue_inflammation_crohns,1.7654276763112675,0.9186929150031251,0.0546468747151056,1.3619022579420235,True,False,9,0.3402523562066055
GSE228421,CD19,B_cell,tissue_inflammation_psoriasis,31.82570980758351,25266.17533830677,0.9989949711249492,5.223011738890612,True,True,5,0.9992883821160854
GSE228421,CD19,Endothelial,tissue_inflammation_psoriasis,28.868409726405986,23903.866468342916,0.999036404723604,1e-08,True,True,5,0.9992883821160854
GSE228421,CD19,Epithelial,tissue_inflammation_psoriasis,2.1102667678617455,1.257028671550553,0.09319614153793367,0.970419959158335,True,False,5,0.4556255808521201
GSE228421,CD19,Myeloid,tissue_inflammation_psoriasis,0.9474224932640051,1.0982483487017098,0.3883206387764385,0.4567051514170944,True,False,5,0.765928984069389
GSE228421,CD19,Stromal,tissue_inflammation_psoriasis,0.10651428211491958,0.6129075506851009,0.8620342493710593,1e-08,True,False,5,0.9992883821160854
GSE228421,CD274,B_cell,tissue_inflammation_psoriasis,1.1834767601072171,1.5494655048171693,0.44498835724062646,1.1306251338794104,True,False,5,0.8106157335720966
GSE228421,CD274,Endothelial,tissue_inflammation_psoriasis,-0.2886571829499916,0.5245338549328264,0.5821055150266052,0.3086971620405309,True,False,5,0.918804110987993
GSE228421,CD274,Epithelial,tissue_inflammation_psoriasis,2.330878635663012,0.7550254258868874,0.002020838903652968,0.6744056736263894,True,False,5,0.08784524682768768
GSE228421,CD274,Mast_cell,tissue_inflammation_psoriasis,1.1730528500129727,0.8886712590075714,0.18683246769977113,0.8216636403043602,True,False,5,0.577458109443522
GSE228421,CD274,Myeloid,tissue_inflammation_psoriasis,-0.22904666865691575,0.3340258397592513,0.4928925816737322,0.12812423249837424,True,False,5,0.8512244085287476
GSE228421,CD274,NK_cell,tissue_inflammation_psoriasis,2.109833919701273,1.2740341299075122,0.09771650982011848,1e-08,True,False,5,0.4557066410747609
GSE228421,CD274,Plasma_cell,tissue_inflammation_psoriasis,-0.04284585149547197,1.665943119763289,0.9794817274113604,1e-08,True,False,5,0.9992883821160854
GSE228421,CD274,Stromal,tissue_inflammation_psoriasis,0.6994000716455515,0.520968299809556,0.17943385004995482,0.2998220469712308,True,False,5,0.568507648779822
GSE228421,CD274,T_cell,tissue_inflammation_psoriasis,0.9838833783787114,0.8029071695380027,0.22042410941217383,0.1168711928327274,True,False,5,0.6132919031799682
GSE228421,CD38,B_cell,tissue_inflammation_psoriasis,0.386724412036889,1.3820111676830213,0.7796100287917236,0.7880244847849793,True,False,5,0.9992883821160854
GSE228421,CD38,Endothelial,tissue_inflammation_psoriasis,29.460640596662465,17409.648357132046,0.998649818848564,1e-08,True,True,5,0.9992883821160854
GSE228421,CD38,Epithelial,tissue_inflammation_psoriasis,4.149182418422796,1.2963355445975302,0.0013709373342882286,1.7546329357764954,True,False,5,0.07525428152275072
GSE228421,CD38,Myeloid,tissue_inflammation_psoriasis,1.567507287582579,0.7707947633381105,0.04198944711850072,0.5720966417793202,True,False,5,0.3202395166904322
GSE228421,CD38,Plasma_cell,tissue_inflammation_psoriasis,29.483217799878624,20864.327215717796,0.9988725159353031,1e-08,True,True,5,0.9992883821160854
GSE228421,CD38,Stromal,tissue_inflammation_psoriasis,0.043684501672176884,0.44188790226166214,0.9212503923667825,0.09906285875308528,True,False,5,0.9992883821160854
GSE228421,CD38,T_cell,tissue_inflammation_psoriasis,28.900146736592536,22169.401163396557,0.998959873828567,1e-08,True,True,5,0.9992883821160854
GSE228421,CD3E,B_cell,tissue_inflammation_psoriasis,-5.277842397531988,2.6374489640545957,0.04537984650021478,3.5253907933234307,True,False,5,0.32857306579902346
GSE228421,CD3E,Endothelial,tissue_inflammation_psoriasis,1.785580223300331,1.1830295553440746,0.13121485516453388,0.7582696386154206,True,False,5,0.5233814841605945
GSE228421,CD3E,Epithelial,tissue_inflammation_psoriasis,0.9578913791339376,0.9756590663418032,0.3262037882101826,1.0889785680158588,True,False,5,0.7041077994574507
GSE228421,CD3E,Mast_cell,tissue_inflammation_psoriasis,-29.849810565186846,33468.38292529989,0.9992883821160853,2.1493708149118667,True,True,5,0.9992883821160854
GSE228421,CD3E,Myeloid,tissue_inflammation_psoriasis,-1.9630661917632308,0.7343943609660698,0.00751670767556413,0.3423409838785689,True,False,5,0.1343611497007088
GSE228421,CD3E,NK_cell,tissue_inflammation_psoriasis,0.33147333985236044,0.6069608513158771,0.5849835889691581,0.2707154535675914,True,False,5,0.9192599255229629
GSE228421,CD3E,Plasma_cell,tissue_inflammation_psoriasis,-2.348437591054724,3.375444040508694,0.48659052847176554,4.9116444893419535,True,False,5,0.8511614137181954
GSE228421,CD3E,Stromal,tissue_inflammation_psoriasis,1.3616438490029443,1.2256773136652925,0.26659772570858553,1.3976058263466993,True,False,5,0.6418208148222084
GSE228421,CD3E,T_cell,tissue_inflammation_psoriasis,0.24585537892175452,0.359754735612141,0.4943558889940547,0.12880460229315732,True,False,5,0.8512244085287476
GSE228421,CD4,B_cell,tissue_inflammation_psoriasis,0.8201539640473743,0.4212166174777131,0.0515218682354613,1e-08,True,False,5,0.3377569193566176
GSE228421,CD4,Endothelial,tissue_inflammation_psoriasis,0.5618281134901055,0.8419526362129968,0.5045857454239724,0.6064742523010062,True,False,5,0.861561332485111
GSE228421,CD4,Epithelial,tissue_inflammation_psoriasis,1.1564813259451263,0.618848718803908,0.061655853665727706,0.4487290463074619,True,False,5,0.3673661280916276
GSE228421,CD4,Mast_cell,tissue_inflammation_psoriasis,0.7715449029724302,0.8397747542797471,0.35822519959069765,0.5969337853501056,True,False,5,0.7365603411043188
GSE228421,CD4,Myeloid,tissue_inflammation_psoriasis,-0.18451580920434416,0.33470424470564575,0.5814416376007968,0.13204518269168436,True,False,5,0.918804110987993
GSE228421,CD4,NK_cell,tissue_inflammation_psoriasis,0.23261415825320786,0.8517478216679671,0.7847746968695196,1e-08,True,False,5,0.9992883821160854
GSE228421,CD4,Plasma_cell,tissue_inflammation_psoriasis,3.936238827206155,2.0287287015689475,0.05234943657100677,1.2355427291692511,True,False,5,0.3377569193566176
GSE228421,CD4,Stromal,tissue_inflammation_psoriasis,0.33237553647405954,0.44014426242951943,0.45015817201608965,0.22347585710587548,True,False,5,0.812272789883922
GSE228421,CD4,T_cell,tissue_inflammation_psoriasis,1.2787734286516463,0.7405293130299295,0.08419693869395534,0.47200983377404493,True,False,5,0.43387972011659864
GSE228421,CD69,B_cell,tissue_inflammation_psoriasis,-1.2616091408544345,1.1277800015024115,0.26328265615327473,1.3256855591296959,True,False,5,0.6418208148222084
GSE228421,CD69,Endothelial,tissue_inflammation_psoriasis,0.29541103427979415,0.5502306772983436,0.5913465041121728,0.1652336332145807,True,False,5,0.9216626712592992
GSE228421,CD69,Epithelial,tissue_inflammation_psoriasis,0.17793476518354198,0.9601834017563232,0.8529832983135982,1.0839823921638387,True,False,5,0.9992883821160854
GSE228421,CD69,Mast_cell,tissue_inflammation_psoriasis,1.1169280295080926,0.8489758284563022,0.18830223041375915,0.8209780149845556,True,False,5,0.577458109443522
GSE228421,CD69,Myeloid,tissue_inflammation_psoriasis,-1.0644321470932085,0.646756701167883,0.09980495239640548,0.4902589947161292,True,False,5,0.46039058686083817
GSE228421,CD69,NK_cell,tissue_inflammation_psoriasis,-0.9626116205734276,0.8689066536288372,0.2679298909966703,0.7972156785702258,True,False,5,0.6418208148222084
GSE228421,CD69,Plasma_cell,tissue_inflammation_psoriasis,-0.131271253307821,0.748340669724729,0.8607524266414474,0.1909549804301605,True,False,5,0.9992883821160854
GSE228421,CD69,Stromal,tissue_inflammation_psoriasis,-0.4940919668258785,0.8264599924973258,0.5499457895916215,0.745545985719598,True,False,5,0.8990644022874642
GSE228421,CD69,T_cell,tissue_inflammation_psoriasis,-1.3291403108551896,0.4777841098894436,0.005404423465799714,0.2519643423932669,True,False,5,0.1091610306495859
GSE228421,CD70,B_cell,tissue_inflammation_psoriasis,1.240791863093742,2.568709066263347,0.6290666063999654,3.0409479211262784,True,False,5,0.9444254563275071
GSE228421,CD70,Endothelial,tissue_inflammation_psoriasis,-0.9837435304103074,0.9407666620289271,0.2957075001109817,0.24683568974616393,True,False,5,0.6765787602539262
GSE228421,CD70,Epithelial,tissue_inflammation_psoriasis,0.701617870812256,0.8552256566693055,0.4119942845915303,0.7473877221271287,True,False,5,0.7876368804447536
GSE228421,CD70,Mast_cell,tissue_inflammation_psoriasis,1.289399244016739,0.924745338718943,0.16321827727786387,1e-08,True,False,5,0.5622901567327229
GSE228421,CD70,Myeloid,tissue_inflammation_psoriasis,0.15073422958266858,0.6381771873551226,0.8132813971107531,0.3738632248485125,True,False,5,0.9992883821160854
GSE228421,CD70,NK_cell,tissue_inflammation_psoriasis,-0.14490877210718925,1.2375290907550396,0.9067845777363923,0.8224948749767941,True,False,5,0.9992883821160854
GSE228421,CD70,Plasma_cell,tissue_inflammation_psoriasis,28.006576924312967,25567.838491176517,0.9991260109505204,1e-08,True,True,5,0.9992883821160854
GSE228421,CD70,Stromal,tissue_inflammation_psoriasis,-1.0675020589787054,1.0186637062273813,0.294664616568033,1.2240730597499105,True,False,5,0.6765787602539262
GSE228421,CD70,T_cell,tissue_inflammation_psoriasis,-0.267446598139456,0.39243842319237415,0.4955554686015261,1e-08,True,False,5,0.8512244085287476
GSE228421,CD79A,B_cell,tissue_inflammation_psoriasis,33.888754903949525,26415.070839090597,0.998976368185041,4.0444741007796905,True,True,5,0.9992883821160854
GSE228421,CD79A,Endothelial,tissue_inflammation_psoriasis,-1.283308701452068,1.3950871257749968,0.35763698630308827,0.8519429448376057,True,False,5,0.7365603411043188
GSE228421,CD79A,Epithelial,tissue_inflammation_psoriasis,-0.42899336157066176,0.47038525978986956,0.3617664741351342,0.15895225234177116,True,False,5,0.7390372257332027
GSE228421,CD79A,Myeloid,tissue_inflammation_psoriasis,-0.8799606452125021,0.7863529316294527,0.26312293341498205,0.13399593112680303,True,False,5,0.6418208148222084
GSE228421,CD79A,NK_cell,tissue_inflammation_psoriasis,30.113733167640063,21016.46114758123,0.998856740229854,1e-08,True,True,5,0.9992883821160854
GSE228421,CD79A,Plasma_cell,tissue_inflammation_psoriasis,-1.7707836738022762,1.499000293857292,0.2374796924301189,1.15727164070217,True,False,5,0.6258195667915802
GSE228421,CD79A,Stromal,tissue_inflammation_psoriasis,-0.5308579911533542,0.5033524293999952,0.291587834555212,0.0803612314900057,True,False,5,0.6765787602539262
GSE228421,CD79A,T_cell,tissue_inflammation_psoriasis,1.0177309800070997,1.1933976087461795,0.3937695271333236,1e-08,True,False,5,0.771356744932401
GSE228421,CD8A,B_cell,tissue_inflammation_psoriasis,0.32678294923745854,0.9786498794673121,0.7384459560803923,0.6713528526707939,True,False,5,0.9992883821160854
GSE228421,CD8A,Endothelial,tissue_inflammation_psoriasis,-0.010216459546393589,0.8398253983726701,0.990293989316474,0.28837322282810907,True,False,5,0.9992883821160854
GSE228421,CD8A,Epithelial,tissue_inflammation_psoriasis,0.4570603907275926,0.8320971599914821,0.582808311109662,0.7583720122451073,True,False,5,0.918804110987993
GSE228421,CD8A,Mast_cell,tissue_inflammation_psoriasis,29.75736862040257,21929.72025435686,0.9989173168909286,0.8700597801209867,True,True,5,0.9992883821160854
GSE228421,CD8A,Myeloid,tissue_inflammation_psoriasis,0.15838259029768473,0.6188637787521026,0.7980089026831122,0.3269934614906087,True,False,5,0.9992883821160854
GSE228421,CD8A,NK_cell,tissue_inflammation_psoriasis,-0.28015362383396847,0.8336115926509648,0.7368164741210772,0.5429895561725268,True,False,5,0.9992883821160854
GSE228421,CD8A,Plasma_cell,tissue_inflammation_psoriasis,28.040522511662314,25309.70716591066,0.999116027093268,1e-08,True,True,5,0.9992883821160854
GSE228421,CD8A,Stromal,tissue_inflammation_psoriasis,1.1843294382382121,1.2618685872449136,0.347960745147463,1.3604115501072631,True,False,5,0.725533907056715
GSE228421,CD8A,T_cell,tissue_inflammation_psoriasis,-0.5767541770264272,0.551429227489527,0.29559519011842084,0.2725230234812581,True,False,5,0.6765787602539262
GSE228421,CLDN18,Endothelial,tissue_inflammation_psoriasis,-29.615149409460777,22307.252619345763,0.9989407273077668,6.187916435882097,True,True,5,0.9992883821160854
GSE228421,CLDN18,Epithelial,tissue_inflammation_psoriasis,-2.231461666412043,1.6187731662345202,0.16805223534045322,1.7649855926718832,True,False,5,0.5646391552242375
GSE228421,CLDN18,Myeloid,tissue_inflammation_psoriasis,29.384874782856837,32679.778162456238,0.9992825613859913,3.6379194220689115,True,True,5,0.9992883821160854
GSE228421,CLDN18,Stromal,tissue_inflammation_psoriasis,-1.6339958203660196,1.215723353657243,0.178931461777599,1e-08,True,False,5,0.568507648779822
GSE228421,CLDN6,B_cell,tissue_inflammation_psoriasis,28.53834568832551,25870.08869614893,0.9991198213092833,1e-08,True,True,5,0.9992883821160854
GSE228421,CLDN6,Endothelial,tissue_inflammation_psoriasis,31.58504438303389,31962.045306053496,0.9992115268305742,0.11709928849508552,True,True,5,0.9992883821160854
GSE228421,CLDN6,Epithelial,tissue_inflammation_psoriasis,0.6527176862660456,0.5090216753682475,0.19973798463592074,1e-08,True,False,5,0.5938719382331014
GSE228421,CLDN6,Mast_cell,tissue_inflammation_psoriasis,29.799253375800955,21751.977994335102,0.998906933578131,4.807480235465882,True,True,5,0.9992883821160854
GSE228421,CLDN6,Myeloid,tissue_inflammation_psoriasis,-0.8850311715759487,1.084534553491022,0.41447325352075315,0.5303632187031904,True,False,5,0.7876368804447536
GSE228421,CLDN6,Stromal,tissue_inflammation_psoriasis,-1.4695905774093647,1.2071687545366683,0.22345731280904713,0.7116464658169018,True,False,5,0.6132919031799682
GSE228421,CTLA4,B_cell,tissue_inflammation_psoriasis,-2.6835877351010606,1.6209297410516545,0.09780579367701127,1.0350637145162704,True,False,5,0.4557066410747609
GSE228421,CTLA4,Endothelial,tissue_inflammation_psoriasis,2.794864319208635,1.6790470512694946,0.09600178893507282,1.3056476301758508,True,False,5,0.4557066410747609
GSE228421,CTLA4,Epithelial,tissue_inflammation_psoriasis,1.4150977001480562,0.8824789350465294,0.10881362847911805,0.8393895395846968,True,False,5,0.4824914379074072
GSE228421,CTLA4,Mast_cell,tissue_inflammation_psoriasis,0.625719765471362,2.0403844124610013,0.7590964031245347,1e-08,True,False,5,0.9992883821160854
GSE228421,CTLA4,Myeloid,tissue_inflammation_psoriasis,0.41095977456423566,0.8003168769173181,0.6076041813283504,0.2952137024542206,True,False,5,0.9267989112528437
GSE228421,CTLA4,NK_cell,tissue_inflammation_psoriasis,1.5405126818438333,1.0354729092390933,0.13681992894551154,0.2311771299940202,True,False,5,0.5274538287449361
GSE228421,CTLA4,Plasma_cell,tissue_inflammation_psoriasis,-28.460401943997226,9660.59926472926,0.997649412646615,1e-08,True,True,5,0.9992883821160854
GSE228421,CTLA4,Stromal,tissue_inflammation_psoriasis,-0.7498684814682555,1.5848283125109108,0.6361030314751688,1.6279312900323994,True,False,5,0.9451567731215086
GSE228421,CTLA4,T_cell,tissue_inflammation_psoriasis,1.1972066531327739,0.5301861789138114,0.023940220095399953,0.26891490774723753,True,False,5,0.2361001016304961
GSE228421,DLL3,Endothelial,tissue_inflammation_psoriasis,0.9760674956211134,1.225344118405265,0.42570311479739753,1e-08,True,False,5,0.7877379092695812
GSE228421,DLL3,Epithelial,tissue_inflammation_psoriasis,1.7365623256850793,1.0449442928583104,0.09653869836502363,1.008996942005974,True,False,5,0.4557066410747609
GSE228421,DLL3,Mast_cell,tissue_inflammation_psoriasis,-1.6068614051506844,2.1234174357863513,0.44920945663615197,1.8127219739972964,True,False,5,0.812272789883922
GSE228421,DLL3,Myeloid,tissue_inflammation_psoriasis,-2.109791410137378,1.4663301441576426,0.1502003160819763,0.9296627813699457,True,False,5,0.5414786463355701
GSE228421,DLL3,Stromal,tissue_inflammation_psoriasis,-1.0447375557902854,0.5855329945773311,0.07438296487621848,1e-08,True,False,5,0.39763603653455115
GSE228421,DLL3,T_cell,tissue_inflammation_psoriasis,-28.85482653045204,22157.85187234032,0.9989609636250474,1e-08,True,True,5,0.9992883821160854
GSE228421,ENTPD1,B_cell,tissue_inflammation_psoriasis,0.16230723733386487,1.2743961538207897,0.8986553848251895,1.314620069729707,True,False,5,0.9992883821160854
GSE228421,ENTPD1,Endothelial,tissue_inflammation_psoriasis,0.6623002638984267,0.4395940026024377,0.13190858519311338,0.22710386312185957,True,False,5,0.5233814841605945
GSE228421,ENTPD1,Epithelial,tissue_inflammation_psoriasis,0.5893553362218046,0.5150542559464616,0.2525163472137869,0.3101707493522299,True,False,5,0.6418208148222084
GSE228421,ENTPD1,Mast_cell,tissue_inflammation_psoriasis,-1.1187466822514889,0.9675766370280335,0.24758474749556136,0.5229413861801078,True,False,5,0.6379210611146896
GSE228421,ENTPD1,Myeloid,tissue_inflammation_psoriasis,-0.06151349335765492,0.3863518589558736,0.8734985031657843,0.17421449019525662,True,False,5,0.9992883821160854
GSE228421,ENTPD1,NK_cell,tissue_inflammation_psoriasis,1.5337407801583922,1.7544689107768845,0.3820142934727213,2.511367295385648,True,False,5,0.756097494347393
GSE228421,ENTPD1,Plasma_cell,tissue_inflammation_psoriasis,-1.3424986666705676,1.1863607717983526,0.2577980959184397,1e-08,True,False,5,0.6418208148222084
GSE228421,ENTPD1,Stromal,tissue_inflammation_psoriasis,-0.6461419845806402,0.5302945798108074,0.22304975288412865,0.3333648676159458,True,False,5,0.6132919031799682
GSE228421,ENTPD1,T_cell,tissue_inflammation_psoriasis,1.545610248018607,0.7897553649819126,0.05033868587148932,0.5053020935200567,True,False,5,0.3377569193566176
GSE228421,ERBB2,B_cell,tissue_inflammation_psoriasis,-2.2282150399097573,1.7671201786543727,0.20733402905327047,1e-08,True,False,5,0.6081798185562601
GSE228421,ERBB2,Endothelial,tissue_inflammation_psoriasis,-0.0910416356661052,0.43057161259188464,0.8325410946398096,0.12943997971157517,True,False,5,0.9992883821160854
GSE228421,ERBB2,Epithelial,tissue_inflammation_psoriasis,0.1718923687283592,0.21810920269902534,0.43063685809233554,0.056264403824740905,True,False,5,0.7920394946264178
GSE228421,ERBB2,Mast_cell,tissue_inflammation_psoriasis,-0.9728816504873992,0.5176429708499447,0.06018371533648219,0.012895088084174127,True,False,5,0.36622431034540226
GSE228421,ERBB2,Myeloid,tissue_inflammation_psoriasis,-0.4918836243400172,0.5551402726493988,0.3755890453289411,0.21302567014358276,True,False,5,0.7509594452451172
GSE228421,ERBB2,NK_cell,tissue_inflammation_psoriasis,-28.060880809965727,27503.045814313748,0.9991859323571833,1e-08,True,True,5,0.9992883821160854
GSE228421,ERBB2,Stromal,tissue_inflammation_psoriasis,-0.13268271326007874,0.18194675874175956,0.4658553413522455,0.03114361587984069,True,False,5,0.8301222905092973
GSE228421,ERBB2,T_cell,tissue_inflammation_psoriasis,1.4909708149134733,1.4800871859403535,0.31376499098001887,1e-08,True,False,5,0.6956340110099644
GSE228421,FAP,Endothelial,tissue_inflammation_psoriasis,0.16674452771014156,0.40136260087091913,0.6778153641067122,0.11303269403656109,True,False,5,0.9741467041935662
GSE228421,FAP,Epithelial,tissue_inflammation_psoriasis,0.41302692670191216,0.3376959963366469,0.2213020456260345,0.10099313146182956,True,False,5,0.6132919031799682
GSE228421,FAP,Mast_cell,tissue_inflammation_psoriasis,31.817801747137388,34127.54100883069,0.9992561160767971,1.5879166130598716,True,True,5,0.9992883821160854
GSE228421,FAP,Myeloid,tissue_inflammation_psoriasis,-0.28462563980385597,0.8818037048898933,0.7468644030454845,0.30316636780079403,True,False,5,0.9992883821160854
GSE228421,FAP,Stromal,tissue_inflammation_psoriasis,0.6501975550812494,0.3031607254903223,0.03197453257449166,0.1082892300372356,True,False,5,0.284342861492757
GSE228421,FAP,T_cell,tissue_inflammation_psoriasis,29.207715310714946,18958.779667508454,0.9987707871343546,1e-08,True,True,5,0.9992883821160854
GSE228421,FOLR1,Epithelial,tissue_inflammation_psoriasis,-1.3058692508606136,1.1093161601068429,0.23912206754318566,1.2572663136642213,True,False,5,0.6258195667915802
GSE228421,FOLR1,Stromal,tissue_inflammation_psoriasis,-1.5084076845038126,1.030463238698445,0.14324446604362703,0.8857671626573378,True,False,5,0.5367403141215923
GSE228421,GPRC5D,Epithelial,tissue_inflammation_psoriasis,-4.8141802549157715,3.117700705779559,0.12255334157717071,4.996211560883538,True,False,5,0.5116825648331507
GSE228421,HAVCR2,B_cell,tissue_inflammation_psoriasis,0.8521402574663235,0.6275226670972402,0.17448164801396182,0.2678100900636525,True,False,5,0.568507648779822
GSE228421,HAVCR2,Endothelial,tissue_inflammation_psoriasis,0.4812770255908353,0.9318534484822892,0.6055241821321777,0.6428863456466395,True,False,5,0.9267989112528437
GSE228421,HAVCR2,Epithelial,tissue_inflammation_psoriasis,2.0051593203269276,0.7931124757061939,0.011464393204517507,0.7277731782573197,True,False,5,0.16814443366625675
GSE228421,HAVCR2,Mast_cell,tissue_inflammation_psoriasis,2.050470313425833,0.9421277577196796,0.029523503387165174,0.5174062069324451,True,False,5,0.27237812802352385
GSE228421,HAVCR2,Myeloid,tissue_inflammation_psoriasis,-0.39203588773274356,0.34419998534517204,0.2547127219292409,0.13780395240829704,True,False,5,0.6418208148222084
GSE228421,HAVCR2,NK_cell,tissue_inflammation_psoriasis,1.651371983496526,1.259446202641915,0.1897939240828359,0.8985107857565882,True,False,5,0.577458109443522
GSE228421,HAVCR2,Stromal,tissue_inflammation_psoriasis,1.5450758343141895,0.8252285382117793,0.06116503668230429,0.7415142111611146,True,False,5,0.3673661280916276
GSE228421,HAVCR2,T_cell,tissue_inflammation_psoriasis,2.7230817322202028,1.728884911245828,0.11524469656141066,1.345502699222983,True,False,5,0.4882960476527919
GSE228421,HLA-DRA,B_cell,tissue_inflammation_psoriasis,1.4990594623092879,0.49795395735219056,0.00260871292536529,0.29614690399082527,True,False,5,0.08784524682768768
GSE228421,HLA-DRA,Endothelial,tissue_inflammation_psoriasis,-0.26249729008194933,0.27410072214220044,0.33823056640010773,0.09003341963947903,True,False,5,0.7165477184476357
GSE228421,HLA-DRA,Epithelial,tissue_inflammation_psoriasis,1.9645061694712163,0.6167861694337989,0.0014471977215913601,0.45683021005698665,True,False,5,0.07525428152275072
GSE228421,HLA-DRA,Mast_cell,tissue_inflammation_psoriasis,3.1256336770555952,1.0383486405487001,0.002610785307815893,1.2713560739160497,True,False,5,0.08784524682768768
GSE228421,HLA-DRA,Myeloid,tissue_inflammation_psoriasis,-0.15702645819962732,0.18264538083834034,0.38993564486298804,0.040047014946852214,True,False,5,0.7664714393870418
GSE228421,HLA-DRA,NK_cell,tissue_inflammation_psoriasis,2.242182851869113,1.0475325800434998,0.032319054016423945,1.0356271210915236,True,False,5,0.284342861492757
GSE228421,HLA-DRA,Plasma_cell,tissue_inflammation_psoriasis,3.847586073875595,1.0275813608563076,0.00018088816307275184,1.1615937279446542,True,False,5,0.028277409225900416
GSE228421,HLA-DRA,Stromal,tissue_inflammation_psoriasis,1.485955414163698,0.5353755338681612,0.0055110371444482146,0.3438777405878831,True,False,5,0.1091610306495859
GSE228421,HLA-DRA,T_cell,tissue_inflammation_psoriasis,1.20698888184628,0.5182415670743195,0.01985862899605878,0.2757929520530122,True,False,5,0.22529953969072405
GSE228421,ICAM1,B_cell,tissue_inflammation_psoriasis,-0.42060447916858057,1.0085687343950525,0.6766556959251451,1.0145929895467882,True,False,5,0.9741467041935662
GSE228421,ICAM1,Endothelial,tissue_inflammation_psoriasis,-0.35259232901668247,0.4404133047403637,0.42336662055314966,0.23251608792440442,True,False,5,0.7877379092695812
GSE228421,ICAM1,Epithelial,tissue_inflammation_psoriasis,-0.19038167303204212,0.3656478364860294,0.6025970309064557,0.15958993090002696,True,False,5,0.9267989112528437
GSE228421,ICAM1,Mast_cell,tissue_inflammation_psoriasis,0.2193468840712293,0.8422087370168079,0.7945225229118958,0.7806142893855376,True,False,5,0.9992883821160854
GSE228421,ICAM1,Myeloid,tissue_inflammation_psoriasis,0.03947019610205572,0.28782734585407244,0.8909268530968413,0.09815517702785678,True,False,5,0.9992883821160854
GSE228421,ICAM1,NK_cell,tissue_inflammation_psoriasis,-1.317114210590109,1.3176157298310747,0.3174947437769471,1.444080885370128,True,False,5,0.7003890277870136
GSE228421,ICAM1,Plasma_cell,tissue_inflammation_psoriasis,-1.159198603351018,0.5743385345818792,0.04355800811366732,0.08344905674803584,True,False,5,0.32165953526072194
GSE228421,ICAM1,Stromal,tissue_inflammation_psoriasis,-0.46076447903580225,0.38251928067593954,0.22837618072960353,0.17534881220805623,True,False,5,0.6132919031799682
GSE228421,ICAM1,T_cell,tissue_inflammation_psoriasis,-0.7231161084543494,1.3417598312668901,0.5899343935777153,1.230331736998094,True,False,5,0.9216626712592992
GSE228421,ICOS,B_cell,tissue_inflammation_psoriasis,-1.3830408119828304,1.3192550974429158,0.2944774750547464,0.898512033417052,True,False,5,0.6765787602539262
GSE228421,ICOS,Endothelial,tissue_inflammation_psoriasis,33.46834906590771,24945.64784273959,0.9989295178400532,3.0647195456411453,True,True,5,0.9992883821160854
GSE228421,ICOS,Epithelial,tissue_inflammation_psoriasis,2.049861836301791,0.9112553661533723,0.024481198665302198,0.9039129373114864,True,False,5,0.2373431463822518
GSE228421,ICOS,Mast_cell,tissue_inflammation_psoriasis,-29.849810565186846,33468.38292529989,0.9992883821160853,2.1493708149118667,True,True,5,0.9992883821160854
GSE228421,ICOS,Myeloid,tissue_inflammation_psoriasis,0.13139790009150162,0.8531985741469956,0.8776048194388293,0.40836984101300455,True,False,5,0.9992883821160854
GSE228421,ICOS,NK_cell,tissue_inflammation_psoriasis,0.6751526663852621,1.220930594120622,0.5802757220088484,1.0332067512018903,True,False,5,0.918804110987993
GSE228421,ICOS,Plasma_cell,tissue_inflammation_psoriasis,-33.290111189983875,34517.47196412375,0.9992304864720166,3.8549312600907086,True,True,5,0.9992883821160854
GSE228421,ICOS,Stromal,tissue_inflammation_psoriasis,0.027876679320337786,1.0176959487637354,0.9781471166345361,0.9226320984743185,True,False,5,0.9992883821160854
GSE228421,ICOS,T_cell,tissue_inflammation_psoriasis,1.3856779079391461,0.4898090775492595,0.004669130782064457,0.24778998641889233,True,False,5,0.10896106306954698
GSE228421,IDO1,B_cell,tissue_inflammation_psoriasis,1.9448486449595797,0.689005804466918,0.004762284225067612,0.44379358760701765,True,False,5,0.10896106306954698
GSE228421,IDO1,Endothelial,tissue_inflammation_psoriasis,0.8460016688335753,1.2848552005117246,0.5102546342905341,1.8547626731869145,True,False,5,0.8635078426455192
GSE228421,IDO1,Epithelial,tissue_inflammation_psoriasis,3.1642341114755754,0.8313660169791952,0.00014119459503813243,0.81574706878943,True,False,5,0.028277409225900416
GSE228421,IDO1,Mast_cell,tissue_inflammation_psoriasis,1.6572728233665042,1.1615694214006806,0.1536510615060138,0.8346616069562829,True,False,5,0.5425210319841969
GSE228421,IDO1,Myeloid,tissue_inflammation_psoriasis,2.949928149599227,0.7925906425773321,0.00019774412046084206,0.74168687500544,True,False,5,0.028277409225900416
GSE228421,IDO1,NK_cell,tissue_inflammation_psoriasis,31.56482133364924,28586.571857146057,0.999118989201826,0.7849985216375885,True,True,5,0.9992883821160854
GSE228421,IDO1,Plasma_cell,tissue_inflammation_psoriasis,29.90335464983095,19776.662194092227,0.9987935569882568,1e-08,True,True,5,0.9992883821160854
GSE228421,IDO1,Stromal,tissue_inflammation_psoriasis,2.1026958435745304,0.6365508875348794,0.0009556625800158788,0.45416611180014876,True,False,5,0.06832987447113534
GSE228421,IDO1,T_cell,tissue_inflammation_psoriasis,-29.12154490627895,21846.92692873447,0.9989364351214133,1e-08,True,True,5,0.9992883821160854
GSE228421,IL2RA,B_cell,tissue_inflammation_psoriasis,-1.1160642032404353,1.519461336948053,0.462636100636466,1.6092228445040293,True,False,5,0.8290365421850167
GSE228421,IL2RA,Endothelial,tissue_inflammation_psoriasis,0.42035769883113383,1.770395410237274,0.8123176465412258,0.8318735204822226,True,False,5,0.9992883821160854
GSE228421,IL2RA,Epithelial,tissue_inflammation_psoriasis,1.4568268373102655,0.791469102082614,0.0656711546128058,0.6798022733895678,True,False,5,0.37563900438524916
GSE228421,IL2RA,Mast_cell,tissue_inflammation_psoriasis,0.1567335847661767,2.5410253952500272,0.9508166837424541,3.185152196314949,True,False,5,0.9992883821160854
GSE228421,IL2RA,Myeloid,tissue_inflammation_psoriasis,1.128250101983302,0.552022249494911,0.040968470426281045,0.2997667874248005,True,False,5,0.3202395166904322
GSE228421,IL2RA,NK_cell,tissue_inflammation_psoriasis,1.6189654648817304,1.244932561036548,0.19344873171299937,1.0434613305818938,True,False,5,0.5854638864541568
GSE228421,IL2RA,Plasma_cell,tissue_inflammation_psoriasis,0.9057910950665606,2.601845374887988,0.7277394769378656,3.172184372001078,True,False,5,0.9992883821160854
GSE228421,IL2RA,Stromal,tissue_inflammation_psoriasis,1.5090001824336416,0.8138224872829201,0.06370870230108866,0.591644360067244,True,False,5,0.3718507930226807
GSE228421,IL2RA,T_cell,tissue_inflammation_psoriasis,1.7648204391010294,0.5989520285335849,0.0032137804115636034,0.3597818906605053,True,False,5,0.09191411977071906
GSE228421,LAG3,B_cell,tissue_inflammation_psoriasis,-0.828310457755684,1.0019693025676844,0.40841705992784627,0.5272072208555976,True,False,5,0.7865810043054816
GSE228421,LAG3,Endothelial,tissue_inflammation_psoriasis,-0.324271830199022,0.21714456798193382,0.135346811173045,0.006517164406145763,True,False,5,0.5266556189862703
GSE228421,LAG3,Epithelial,tissue_inflammation_psoriasis,0.5377903063699228,0.3841860434181321,0.16156800752109934,0.15998796402280488,True,False,5,0.5622901567327229
GSE228421,LAG3,Mast_cell,tissue_inflammation_psoriasis,-0.12106103622577043,2.007264952292518,0.9519075921231934,0.8169305584970392,True,False,5,0.9992883821160854
GSE228421,LAG3,Myeloid,tissue_inflammation_psoriasis,0.3469067432717791,0.4307258668514244,0.42058871749904936,0.15258289837196554,True,False,5,0.7877379092695812
GSE228421,LAG3,NK_cell,tissue_inflammation_psoriasis,1.420295874747919,0.9722376126466006,0.14405588844911452,0.6269649922574727,True,False,5,0.5367403141215923
GSE228421,LAG3,Plasma_cell,tissue_inflammation_psoriasis,-1.9471234341560637,1.8763517684048763,0.2994015038773249,1e-08,True,False,5,0.6808397839027628
GSE228421,LAG3,Stromal,tissue_inflammation_psoriasis,-1.3937346313605627,0.5865457851905317,0.017493228758726748,0.39487016322410495,True,False,5,0.20846097604149375
GSE228421,LAG3,T_cell,tissue_inflammation_psoriasis,1.562511174616073,0.8626823817589513,0.0701061593780975,0.5428652766646452,True,False,5,0.3796236673854737
GSE228421,MICA,B_cell,tissue_inflammation_psoriasis,-1.2562634812875366,0.7557811504964823,0.09647160517295453,0.08712409627453223,True,False,5,0.4557066410747609
GSE228421,MICA,Endothelial,tissue_inflammation_psoriasis,-0.25907297871747403,0.3612739920549056,0.473306590914083,0.14348402050942788,True,False,5,0.8355906481569614
GSE228421,MICA,Epithelial,tissue_inflammation_psoriasis,0.6332390545145834,0.39722909968128506,0.11090453635758138,0.186927011954691,True,False,5,0.48776505929529834
GSE228421,MICA,Mast_cell,tissue_inflammation_psoriasis,-1.1729758093170666,0.8017380185615622,0.14345608640228744,0.6097423360730264,True,False,5,0.5367403141215923
GSE228421,MICA,Myeloid,tissue_inflammation_psoriasis,-0.3296381223759278,0.4686591512346586,0.4818287399411786,0.23246103994433615,True,False,5,0.8480185822964743
GSE228421,MICA,NK_cell,tissue_inflammation_psoriasis,-1.3721730432843526,1.396584535580424,0.3258434509072966,0.8636486682785945,True,False,5,0.7041077994574507
GSE228421,MICA,Plasma_cell,tissue_inflammation_psoriasis,28.588293188070814,18007.032404748064,0.9987332644458301,1e-08,True,True,5,0.9992883821160854
GSE228421,MICA,Stromal,tissue_inflammation_psoriasis,-0.3221390044854051,0.26577659413791266,0.22548678449679616,0.081533350474501,True,False,5,0.6132919031799682
GSE228421,MICA,T_cell,tissue_inflammation_psoriasis,-0.8725864213765779,0.9062191151383112,0.33560433592715955,0.4362697681908727,True,False,5,0.7162898513072211
GSE228421,MICB,B_cell,tissue_inflammation_psoriasis,-0.34802312749317194,1.0767151193313804,0.7465235245654572,0.5657571139874307,True,False,5,0.9992883821160854
GSE228421,MICB,Endothelial,tissue_inflammation_psoriasis,-0.10500887684776013,0.5476906990475392,0.8479535063424091,0.3122299719130455,True,False,5,0.9992883821160854
GSE228421,MICB,Epithelial,tissue_inflammation_psoriasis,0.957302204279015,0.48991160148304536,0.05069761206027374,0.26404026402449016,True,False,5,0.3377569193566176
GSE228421,MICB,Mast_cell,tissue_inflammation_psoriasis,0.4683927664741712,0.9664854175661248,0.6279352038804085,0.6767069718939703,True,False,5,0.9444254563275071
GSE228421,MICB,Myeloid,tissue_inflammation_psoriasis,-0.12101284542324266,0.46794570701298444,0.7959404440906916,0.22749469306255957,True,False,5,0.9992883821160854
GSE228421,MICB,NK_cell,tissue_inflammation_psoriasis,-0.6852771173621173,0.9283879215564487,0.46043143595444513,0.2946797374834103,True,False,5,0.828197425679065
GSE228421,MICB,Plasma_cell,tissue_inflammation_psoriasis,-28.74450774460108,27005.851523889207,0.9991507472154132,0.36082276047674267,True,True,5,0.9992883821160854
GSE228421,MICB,Stromal,tissue_inflammation_psoriasis,0.6292852632908816,0.5296572979928319,0.23479444012122308,0.32034448325211823,True,False,5,0.6258195667915802
GSE228421,MICB,T_cell,tissue_inflammation_psoriasis,0.8025787522808253,0.5500086576311511,0.144507007648121,0.126565857535891,True,False,5,0.5367403141215923
GSE228421,MS4A1,B_cell,tissue_inflammation_psoriasis,5.205321986909369,3.0968271772114577,0.092790797536659,3.7351878042430733,True,False,5,0.4556255808521201
GSE228421,MS4A1,Endothelial,tissue_inflammation_psoriasis,-30.85991297282671,34525.59760519677,0.9992868292936827,0.20848405659163022,True,True,5,0.9992883821160854
GSE228421,MS4A1,Epithelial,tissue_inflammation_psoriasis,2.5184816408459096,2.0891787536911326,0.22801464952720618,2.7616110872897233,True,False,5,0.6132919031799682
GSE228421,MS4A1,Myeloid,tissue_inflammation_psoriasis,30.5780979715985,25463.91113034583,0.999041868066469,0.038567528745917845,True,True,5,0.9992883821160854
GSE228421,MS4A1,NK_cell,tissue_inflammation_psoriasis,0.26171700930056585,1.3859774086024081,0.8502244209197583,0.48242653334470625,True,False,5,0.9992883821160854
GSE228421,MS4A1,Plasma_cell,tissue_inflammation_psoriasis,-0.6499131462765871,1.977725664806521,0.7424456283081176,1.1695949761197513,True,False,5,0.9992883821160854
GSE228421,MS4A1,Stromal,tissue_inflammation_psoriasis,1.760233754122435,2.080827952335142,0.39759207320001066,1.81271926542262,True,False,5,0.7735464825524017
GSE228421,MS4A1,T_cell,tissue_inflammation_psoriasis,-32.70499022468992,36262.62613584126,0.9992803940032885,2.262251561506611,True,True,5,0.9992883821160854
GSE228421,PDCD1,B_cell,tissue_inflammation_psoriasis,-0.13845885001402472,1.8297754891069078,0.9396817576656886,1.7449187557371877,True,False,5,0.9992883821160854
GSE228421,PDCD1,Endothelial,tissue_inflammation_psoriasis,0.7663701754048527,2.375346697873173,0.7469716221836791,1.7699239578179051,True,False,5,0.9992883821160854
GSE228421,PDCD1,Epithelial,tissue_inflammation_psoriasis,0.9541332482096624,1.6593192666233654,0.5652812420111071,2.3983121288199585,True,False,5,0.9057167238945468
GSE228421,PDCD1,Mast_cell,tissue_inflammation_psoriasis,29.48406586580675,24262.767164585046,0.9990304125248965,1e-08,True,True,5,0.9992883821160854
GSE228421,PDCD1,Myeloid,tissue_inflammation_psoriasis,-0.26821431455577666,0.9321846193683395,0.7735560239646757,0.6311106828400541,True,False,5,0.9992883821160854
GSE228421,PDCD1,NK_cell,tissue_inflammation_psoriasis,0.0974475226271359,1.1432335897479735,0.9320717789966932,0.7526334162170603,True,False,5,0.9992883821160854
GSE228421,PDCD1,Plasma_cell,tissue_inflammation_psoriasis,-29.905905586263156,23318.73768874533,0.9989767261795417,6.786940920158913,True,True,5,0.9992883821160854
GSE228421,PDCD1,Stromal,tissue_inflammation_psoriasis,-0.22252010377116146,1.9009699098766983,0.90681560600409,2.194671275647306,True,False,5,0.9992883821160854
GSE228421,PDCD1,T_cell,tissue_inflammation_psoriasis,0.7003168173808864,0.8367568372060383,0.40262525356105316,0.5218351520036039,True,False,5,0.7806835424980421
GSE228421,PDCD1LG2,Endothelial,tissue_inflammation_psoriasis,0.4921132664605399,0.4076711483390302,0.22738095611116338,0.07312753032954504,True,False,5,0.6132919031799682
GSE228421,PDCD1LG2,Epithelial,tissue_inflammation_psoriasis,2.276943752849907,0.8056318473681814,0.004709161006936019,0.7063076859275642,True,False,5,0.10896106306954698
GSE228421,PDCD1LG2,Mast_cell,tissue_inflammation_psoriasis,0.9383553820783728,1.480082105172864,0.5260881736058274,0.9734286985832132,True,False,5,0.8757870728149435
GSE228421,PDCD1LG2,Myeloid,tissue_inflammation_psoriasis,0.18176732210092586,0.5444688252161216,0.7384977342567236,0.30475487958015574,True,False,5,0.9992883821160854
GSE228421,PDCD1LG2,Stromal,tissue_inflammation_psoriasis,0.20348237156629004,0.1963092752398391,0.2999503943068116,0.02683488886608541,True,False,5,0.6808397839027628
GSE228421,SIGLEC1,B_cell,tissue_inflammation_psoriasis,28.75022335151163,24203.574555411153,0.9990522328061601,1e-08,True,True,5,0.9992883821160854
GSE228421,SIGLEC1,Endothelial,tissue_inflammation_psoriasis,0.4121606453413564,1.5841759553318129,0.7947299238290427,0.8561435458818523,True,False,5,0.9992883821160854
GSE228421,SIGLEC1,Epithelial,tissue_inflammation_psoriasis,1.017919843583261,0.9015588867746989,0.25886982551433624,0.8683552652157915,True,False,5,0.6418208148222084
GSE228421,SIGLEC1,Myeloid,tissue_inflammation_psoriasis,0.14026709032285578,0.7013963076505493,0.8414941525360727,0.5693397907698696,True,False,5,0.9992883821160854
GSE228421,SIGLEC1,NK_cell,tissue_inflammation_psoriasis,31.099136913894544,30085.574586837658,0.9991752354036869,0.45895451837423334,True,True,5,0.9992883821160854
GSE228421,SIGLEC1,Stromal,tissue_inflammation_psoriasis,1.6012580169129684,0.9795784721756469,0.1021245664924118,0.9477088040384873,True,False,5,0.46732201626927644
GSE228421,SIGLEC1,T_cell,tissue_inflammation_psoriasis,29.880360886649534,18977.10852270432,0.9987436932901015,1e-08,True,True,5,0.9992883821160854
GSE228421,TIGIT,B_cell,tissue_inflammation_psoriasis,-1.6141840064694954,1.722914583036574,0.3488143783926515,1.6870900909782423,True,False,5,0.725533907056715
GSE228421,TIGIT,Endothelial,tissue_inflammation_psoriasis,1.0998290755719295,1.7182403919631755,0.5221138692580928,1.6399324157840294,True,False,5,0.8732430795778628
GSE228421,TIGIT,Epithelial,tissue_inflammation_psoriasis,1.3758750461794809,1.024915669116589,0.17945740198767324,1.0803391259085071,True,False,5,0.568507648779822
GSE228421,TIGIT,Myeloid,tissue_inflammation_psoriasis,0.3578554587630052,1.2392087956751168,0.77275174963444,1.0338752258211317,True,False,5,0.9992883821160854
GSE228421,TIGIT,NK_cell,tissue_inflammation_psoriasis,0.15355505999005672,1.0328052974611908,0.8818080013891222,0.7037331727663934,True,False,5,0.9992883821160854
GSE228421,TIGIT,Plasma_cell,tissue_inflammation_psoriasis,28.006576924312967,25567.838491176517,0.9991260109505204,1e-08,True,True,5,0.9992883821160854
GSE228421,TIGIT,Stromal,tissue_inflammation_psoriasis,0.47457636477503845,0.8906803823731725,0.594155044996473,0.6668499603486252,True,False,5,0.9228117858248752
GSE228421,TIGIT,T_cell,tissue_inflammation_psoriasis,1.4516598541520664,0.6227628451449714,0.019753388290766075,0.3811823385637024,True,False,5,0.22529953969072405
GSE228421,TNFRSF12A,B_cell,tissue_inflammation_psoriasis,0.09154887944167771,0.6831980117135406,0.8934021741127391,0.10174695525598046,True,False,5,0.9992883821160854
GSE228421,TNFRSF12A,Endothelial,tissue_inflammation_psoriasis,-0.49255564249735945,0.43140970846920473,0.2535641116876056,0.21330776742390922,True,False,5,0.6418208148222084
GSE228421,TNFRSF12A,Epithelial,tissue_inflammation_psoriasis,0.027560946808167258,0.3867643934578236,0.9431905906716822,0.17901395220602273,True,False,5,0.9992883821160854
GSE228421,TNFRSF12A,Mast_cell,tissue_inflammation_psoriasis,0.28906618606856077,0.6749333685752549,0.6684411055271196,0.4219781252034439,True,False,5,0.970427188734803
GSE228421,TNFRSF12A,Myeloid,tissue_inflammation_psoriasis,-1.4696698689381276,0.4964598244980716,0.003073399018556908,0.2860127600364922,True,False,5,0.09191411977071906
GSE228421,TNFRSF12A,NK_cell,tissue_inflammation_psoriasis,-1.6674846029991977,1.1635027656660208,0.1518123685279162,0.8172929777992008,True,False,5,0.5414786463355701
GSE228421,TNFRSF12A,Plasma_cell,tissue_inflammation_psoriasis,-0.3651192631404129,1.9335144729983453,0.8502204944465412,1.6780535337888578,True,False,5,0.9992883821160854
GSE228421,TNFRSF12A,Stromal,tissue_inflammation_psoriasis,-0.13541180173746414,0.5363302031381397,0.8006712930596019,0.34399833163743065,True,False,5,0.9992883821160854
GSE228421,TNFRSF12A,T_cell,tissue_inflammation_psoriasis,-1.7468639029578572,0.9115585682124776,0.05532075022240264,0.6625760761117534,True,False,5,0.3402523562066055
GSE228421,TNFRSF17,Epithelial,tissue_inflammation_psoriasis,-2.2324197537037995,1.6292679091175586,0.17062507887538236,1e-08,True,False,5,0.5674275878878995
GSE228421,TNFRSF17,Plasma_cell,tissue_inflammation_psoriasis,1.4515026934715358,1.8099397509484079,0.4225750067201821,0.8154262827164132,True,False,5,0.7877379092695812
GSE228421,TNFRSF17,Stromal,tissue_inflammation_psoriasis,0.9852056333953294,1.6671603518276883,0.5545550388969132,1e-08,True,False,5,0.8990644022874642
GSE228421,TNFRSF18,B_cell,tissue_inflammation_psoriasis,-5.240686507032939,1.9140928053670219,0.006182385653165079,2.3881780858228603,True,False,5,0.11787748645368083
GSE228421,TNFRSF18,Endothelial,tissue_inflammation_psoriasis,0.010721290622434687,0.6224737165239284,0.9862581678514389,0.31633749927949373,True,False,5,0.9992883821160854
GSE228421,TNFRSF18,Epithelial,tissue_inflammation_psoriasis,-1.3772476511831904,0.6833616454202794,0.04386266389918936,0.5600585138181323,True,False,5,0.32165953526072194
GSE228421,TNFRSF18,Mast_cell,tissue_inflammation_psoriasis,1.1212525903709203,0.9077708808739267,0.21676673707431626,0.7977812175743343,True,False,5,0.6132919031799682
GSE228421,TNFRSF18,Myeloid,tissue_inflammation_psoriasis,-0.38298730157124583,0.3990872890712178,0.33722737811712133,0.18285754395016937,True,False,5,0.7165477184476357
GSE228421,TNFRSF18,NK_cell,tissue_inflammation_psoriasis,-0.4259488159452055,0.6247921507174143,0.49540031767985326,0.3832118350913801,True,False,5,0.8512244085287476
GSE228421,TNFRSF18,Plasma_cell,tissue_inflammation_psoriasis,-2.684916549700331,1.5795369459239763,0.08916621088201529,1.5114477539997997,True,False,5,0.451354624995688
GSE228421,TNFRSF18,Stromal,tissue_inflammation_psoriasis,-0.2813800119007638,0.5856684431402913,0.6309127790666857,0.4017604723473048,True,False,5,0.9447175644663462
GSE228421,TNFRSF18,T_cell,tissue_inflammation_psoriasis,0.9238478889486587,0.3622092588407237,0.01075402637151631,0.14161881440691892,True,False,5,0.16625143471641432
GSE228421,TNFRSF4,B_cell,tissue_inflammation_psoriasis,-1.2285890281462903,1.2354589700152343,0.32000901363687395,1.1059966327736277,True,False,5,0.7003890277870136
GSE228421,TNFRSF4,Endothelial,tissue_inflammation_psoriasis,0.5490302307337254,0.42877240714400855,0.20037986727095902,0.1636094952507637,True,False,5,0.5938719382331014
GSE228421,TNFRSF4,Epithelial,tissue_inflammation_psoriasis,1.4458687579450449,0.5923938568542033,0.01465793094663701,0.40807164937837215,True,False,5,0.17839013832928444
GSE228421,TNFRSF4,Mast_cell,tissue_inflammation_psoriasis,1.8427863172195305,1.1446062628951705,0.10740353366047689,1.2467660549001418,True,False,5,0.4799595410452561
GSE228421,TNFRSF4,Myeloid,tissue_inflammation_psoriasis,0.04887112262722312,0.3382296230244833,0.8851127951304218,0.13230397885865885,True,False,5,0.9992883821160854
GSE228421,TNFRSF4,NK_cell,tissue_inflammation_psoriasis,0.2598218098201112,0.9865458456085618,0.7922691370679079,0.6632052350188501,True,False,5,0.9992883821160854
GSE228421,TNFRSF4,Plasma_cell,tissue_inflammation_psoriasis,1.4042659500048946,2.9684102561021564,0.6361632126779384,3.555372037997345,True,False,5,0.9451567731215086
GSE228421,TNFRSF4,Stromal,tissue_inflammation_psoriasis,0.3010706044474228,0.4436948616464717,0.4974209528225867,0.20354770599849847,True,False,5,0.8518706138159269
GSE228421,TNFRSF4,T_cell,tissue_inflammation_psoriasis,1.9760944182169187,0.6068296397539354,0.0011282525131790751,0.39777001111008126,True,False,5,0.07170671528204789
GSE228421,TNFRSF9,B_cell,tissue_inflammation_psoriasis,-1.7789962914111415,1.0592790625444184,0.09306620131187984,0.6650618717115463,True,False,5,0.4556255808521201
GSE228421,TNFRSF9,Endothelial,tissue_inflammation_psoriasis,0.9386785815271603,0.6397883517193226,0.1423296858085844,0.4043748461051359,True,False,5,0.5367403141215923
GSE228421,TNFRSF9,Epithelial,tissue_inflammation_psoriasis,1.332580921752079,0.5442617015506903,0.014348451915731473,0.3294260975244462,True,False,5,0.17839013832928444
GSE228421,TNFRSF9,Mast_cell,tissue_inflammation_psoriasis,4.06636400700894,1.1589302606842269,0.0004502654196994989,1.320402592729095,True,False,5,0.042925303344685556
GSE228421,TNFRSF9,Myeloid,tissue_inflammation_psoriasis,0.8772569770675889,0.3832969840055963,0.022096004842079034,0.16529616451033832,True,False,5,0.22979845035762198
GSE228421,TNFRSF9,NK_cell,tissue_inflammation_psoriasis,0.32639597766852846,1.100535403923319,0.7667877455716392,0.9255006019848719,True,False,5,0.9992883821160854
GSE228421,TNFRSF9,Plasma_cell,tissue_inflammation_psoriasis,28.006576924312967,25567.838491176517,0.9991260109505204,1e-08,True,True,5,0.9992883821160854
GSE228421,TNFRSF9,Stromal,tissue_inflammation_psoriasis,1.1371236675035477,0.5089000496591207,0.025451935273552797,0.23566714595185606,True,False,5,0.23866404879462624
GSE228421,TNFRSF9,T_cell,tissue_inflammation_psoriasis,0.8979159301289699,0.4507474345152458,0.046364476115683145,0.1912824111525258,True,False,5,0.3315060042271345
GSE228421,VCAM1,B_cell,tissue_inflammation_psoriasis,-0.8371739460283465,1.016269508187701,0.4100693545088281,0.4912866296291181,True,False,5,0.7871129891914418
GSE228421,VCAM1,Endothelial,tissue_inflammation_psoriasis,-0.008918790910325275,0.4471902564821414,0.9840879944669719,0.2351146288009306,True,False,5,0.9992883821160854
GSE228421,VCAM1,Epithelial,tissue_inflammation_psoriasis,0.1376743286792742,0.27413759309435565,0.6155206097807329,0.0840586837602356,True,False,5,0.9314227216787809
GSE228421,VCAM1,Mast_cell,tissue_inflammation_psoriasis,0.6423087167062389,1.487568441097982,0.6658981822023324,1.7631444711718933,True,False,5,0.9691953186252777
GSE228421,VCAM1,Myeloid,tissue_inflammation_psoriasis,-0.19575773495308008,0.33812502691950574,0.5626224110632936,0.09088203056262618,True,False,5,0.9039888177758537
GSE228421,VCAM1,NK_cell,tissue_inflammation_psoriasis,-3.163568454850445,2.345034212223486,0.17732089967695996,2.287634331670071,True,False,5,0.568507648779822
GSE228421,VCAM1,Plasma_cell,tissue_inflammation_psoriasis,-32.795336375146555,30022.412045237408,0.9991284215499847,6.658304498269898,True,True,5,0.9992883821160854
GSE228421,VCAM1,Stromal,tissue_inflammation_psoriasis,0.1489464768918413,0.20720835953682684,0.4722489665355817,0.05089721092893905,True,False,5,0.8355906481569614
GSE228421,VCAM1,T_cell,tissue_inflammation_psoriasis,32.68843606959249,31688.140601613995,0.9991769288656309,1.7792282313188565,True,True,5,0.9992883821160854
